event_id,equipment,area,crew,fault_code,fault_description,severity,fault_start,fault_cleared,equipment_restarted
E-0238,PUMP-E-01,Utilities,A,F101,Guard circuit open,Medium,2026-07-17 18:25:00,2026-07-17 18:26:00,2026-07-17 18:33:00
E-0141,CONVEYOR-B-01,Material Handling,D,F415,Communication interruption,Low,2026-07-17 18:55:00,2026-07-17 19:07:00,2026-07-17 19:11:00
E-0142,VISION-C-01,Inspection,C,F204,Part not detected,Medium,2026-07-17 19:45:00,2026-07-17 20:01:00,2026-07-17 20:10:00
E-0335,CONVEYOR-B-01,Material Handling,B,F204,Part not detected,Low,2026-07-17 21:56:00,2026-07-17 22:07:00,2026-07-17 22:15:00
E-0346,CELL-A-01,Assembly,D,F204,Part not detected,Low,2026-07-17 23:03:00,2026-07-17 23:17:00,2026-07-17 23:19:00
E-0171,PUMP-E-01,Utilities,D,F101,Guard circuit open,High,2026-07-17 23:56:00,2026-07-18 00:01:00,2026-07-18 00:02:00
E-0495,CELL-A-01,Assembly,D,F101,Guard circuit open,Low,2026-07-18 00:51:00,2026-07-18 01:07:00,2026-07-18 01:16:00
E-0577,CELL-A-01,Assembly,D,F415,Communication interruption,Low,2026-07-18 01:20:00,2026-07-18 01:22:00,2026-07-18 01:26:00
E-0477,CELL-A-01,Assembly,A,F415,Communication interruption,Medium,2026-07-18 03:35:00,2026-07-18 03:50:00,2026-07-18 03:56:00
E-0082,CONVEYOR-B-01,Material Handling,D,F204,Part not detected,Low,2026-07-18 03:38:00,2026-07-18 03:39:00,2026-07-18 03:48:00
E-0395,CONVEYOR-B-01,Material Handling,C,F310,Cycle-time timeout,Low,2026-07-18 04:46:00,2026-07-18 05:03:00,2026-07-18 05:14:00
E-0059,CONVEYOR-B-01,Material Handling,D,F204,Part not detected,High,2026-07-18 05:13:00,2026-07-18 05:23:00,2026-07-18 05:32:00
E-0147,CONVEYOR-B-01,Material Handling,C,F415,Communication interruption,Medium,2026-07-18 05:32:00,2026-07-18 05:46:00,2026-07-18 05:49:00
E-0609,VISION-C-01,Inspection,C,F415,Communication interruption,High,2026-07-18 07:29:00,2026-07-18 07:40:00,2026-07-18 07:48:00
E-0510,CELL-A-02,Assembly,A,F310,Cycle-time timeout,High,2026-07-18 10:46:00,2026-07-18 10:56:00,2026-07-18 10:58:00
E-0290,ROBOT-G-01,Automation,C,F310,Cycle-time timeout,High,2026-07-18 12:26:00,2026-07-18 12:31:00,2026-07-18 12:32:00
E-0370,CELL-A-01,Assembly,A,F310,Cycle-time timeout,High,2026-07-18 14:38:00,2026-07-18 14:49:00,2026-07-18 14:51:00
E-0436,VISION-C-01,Inspection,D,F630,Drive overload,High,2026-07-18 14:47:00,2026-07-18 15:05:00,2026-07-18 15:09:00
E-0412,ROBOT-G-01,Automation,A,F522,Material-present sensor blocked,Medium,2026-07-18 15:28:00,2026-07-18 15:32:00,2026-07-18 15:43:00
E-0386,PACK-D-01,Packaging,B,F310,Cycle-time timeout,Low,2026-07-18 16:58:00,2026-07-18 17:16:00,2026-07-18 17:23:00
E-0106,PACK-D-01,Packaging,C,F310,Cycle-time timeout,High,2026-07-18 21:32:00,2026-07-18 21:42:00,2026-07-18 21:52:00
E-0288,CONVEYOR-B-01,Material Handling,A,F204,Part not detected,Low,2026-07-18 22:03:00,2026-07-18 22:13:00,2026-07-18 22:25:00
E-0223,CONVEYOR-B-01,Material Handling,C,F204,Part not detected,High,2026-07-18 22:23:00,2026-07-18 22:33:00,2026-07-18 22:40:00
E-0525,PRESS-F-01,Forming,A,F630,Drive overload,High,2026-07-18 23:28:00,2026-07-18 23:32:00,2026-07-18 23:37:00
E-0292,CELL-A-01,Assembly,A,F310,Cycle-time timeout,Low,2026-07-18 23:44:00,2026-07-18 23:56:00,2026-07-18 23:57:00
E-0621,VISION-C-01,Inspection,D,F101,Guard circuit open,Medium,2026-07-19 00:28:00,2026-07-19 00:40:00,2026-07-19 00:51:00
E-0485,CONVEYOR-B-01,Material Handling,D,F204,Part not detected,Medium,2026-07-19 02:01:00,2026-07-19 02:15:00,2026-07-19 02:27:00
E-0152,PACK-D-01,Packaging,D,F204,Part not detected,Low,2026-07-19 02:09:00,2026-07-19 02:24:00,2026-07-19 02:31:00
E-0597,CONVEYOR-B-01,Material Handling,B,F415,Communication interruption,Medium,2026-07-19 03:40:00,2026-07-19 03:52:00,2026-07-19 03:58:00
E-0548,CELL-A-01,Assembly,D,F415,Communication interruption,Medium,2026-07-19 05:32:00,2026-07-19 05:40:00,2026-07-19 05:45:00
E-0081,CELL-A-02,Assembly,D,F415,Communication interruption,Medium,2026-07-19 06:41:00,2026-07-19 06:58:00,2026-07-19 07:03:00
E-0579,ROBOT-G-01,Automation,C,F101,Guard circuit open,High,2026-07-19 08:55:00,2026-07-19 09:00:00,2026-07-19 09:01:00
E-0365,CELL-A-02,Assembly,B,F310,Cycle-time timeout,Low,2026-07-19 09:30:00,2026-07-19 09:46:00,2026-07-19 09:47:00
E-0298,PRESS-F-01,Forming,D,F310,Cycle-time timeout,Medium,2026-07-19 10:46:00,2026-07-19 10:58:00,2026-07-19 11:00:00
E-0201,CELL-A-01,Assembly,A,F101,Guard circuit open,Medium,2026-07-19 13:12:00,2026-07-19 13:14:00,2026-07-19 13:25:00
E-0286,CELL-A-02,Assembly,B,F310,Cycle-time timeout,Medium,2026-07-19 13:12:00,2026-07-19 13:22:00,2026-07-19 13:29:00
E-0178,VISION-C-01,Inspection,D,F310,Cycle-time timeout,Medium,2026-07-19 13:35:00,2026-07-19 13:37:00,2026-07-19 13:47:00
E-0235,PUMP-E-01,Utilities,D,F101,Guard circuit open,Low,2026-07-19 14:20:00,2026-07-19 14:23:00,2026-07-19 14:31:00
E-0037,VISION-C-01,Inspection,C,F415,Communication interruption,Medium,2026-07-19 16:03:00,2026-07-19 16:07:00,2026-07-19 16:09:00
E-0121,ROBOT-G-01,Automation,B,F310,Cycle-time timeout,Medium,2026-07-19 19:24:00,2026-07-19 19:40:00,2026-07-19 19:44:00
E-0282,VISION-C-01,Inspection,D,F415,Communication interruption,Medium,2026-07-19 19:37:00,2026-07-19 19:48:00,2026-07-19 20:00:00
E-0384,PUMP-E-01,Utilities,C,F630,Drive overload,Medium,2026-07-19 20:34:00,2026-07-19 20:43:00,2026-07-19 20:55:00
E-0431,CONVEYOR-B-01,Material Handling,C,F204,Part not detected,Medium,2026-07-19 21:01:00,2026-07-19 21:19:00,2026-07-19 21:31:00
E-0630,PACK-D-01,Packaging,B,F522,Material-present sensor blocked,Medium,2026-07-19 21:48:00,2026-07-19 22:03:00,2026-07-19 22:05:00
E-0453,VISION-C-01,Inspection,D,F101,Guard circuit open,Low,2026-07-19 22:31:00,2026-07-19 22:49:00,2026-07-19 22:55:00
E-0003,CELL-A-01,Assembly,B,F101,Guard circuit open,Medium,2026-07-19 22:44:00,2026-07-19 22:59:00,2026-07-19 23:07:00
E-0479,PACK-D-01,Packaging,D,F415,Communication interruption,High,2026-07-19 22:52:00,2026-07-19 23:04:00,2026-07-19 23:10:00
E-0113,PRESS-F-01,Forming,A,F310,Cycle-time timeout,Low,2026-07-19 23:32:00,2026-07-19 23:44:00,2026-07-19 23:49:00
E-0618,PUMP-E-01,Utilities,B,F630,Drive overload,Low,2026-07-20 00:13:00,2026-07-20 00:26:00,2026-07-20 00:36:00
E-0177,VISION-C-01,Inspection,A,F415,Communication interruption,Medium,2026-07-20 00:34:00,2026-07-20 00:44:00,2026-07-20 00:56:00
E-0228,CONVEYOR-B-01,Material Handling,D,F630,Drive overload,Medium,2026-07-20 00:49:00,2026-07-20 00:55:00,2026-07-20 01:06:00
E-0573,PACK-D-01,Packaging,B,F415,Communication interruption,Medium,2026-07-20 01:43:00,2026-07-20 01:58:00,2026-07-20 02:02:00
E-0467,VISION-C-01,Inspection,D,F522,Material-present sensor blocked,High,2026-07-20 01:55:00,2026-07-20 02:12:00,2026-07-20 02:14:00
E-0312,PACK-D-01,Packaging,A,F310,Cycle-time timeout,Medium,2026-07-20 02:22:00,2026-07-20 02:30:00,2026-07-20 02:42:00
E-0499,CELL-A-01,Assembly,B,F415,Communication interruption,Medium,2026-07-20 04:36:00,2026-07-20 04:49:00,2026-07-20 04:59:00
E-0100,PUMP-E-01,Utilities,A,F310,Cycle-time timeout,Low,2026-07-20 08:08:00,2026-07-20 08:17:00,2026-07-20 08:19:00
E-0305,CELL-A-01,Assembly,C,F310,Cycle-time timeout,Low,2026-07-20 09:03:00,2026-07-20 09:08:00,2026-07-20 09:15:00
E-0532,PACK-D-01,Packaging,D,F204,Part not detected,High,2026-07-20 09:13:00,2026-07-20 09:21:00,2026-07-20 09:23:00
E-0476,PACK-D-01,Packaging,B,F101,Guard circuit open,Medium,2026-07-20 10:57:00,2026-07-20 11:14:00,2026-07-20 11:24:00
E-0330,ROBOT-G-01,Automation,B,F522,Material-present sensor blocked,Low,2026-07-20 11:49:00,2026-07-20 11:59:00,2026-07-20 12:09:00
E-0136,VISION-C-01,Inspection,C,F101,Guard circuit open,High,2026-07-20 12:23:00,2026-07-20 12:28:00,2026-07-20 12:30:00
E-0348,VISION-C-01,Inspection,C,F204,Part not detected,Low,2026-07-20 12:32:00,2026-07-20 12:42:00,2026-07-20 12:52:00
E-0063,ROBOT-G-01,Automation,B,F522,Material-present sensor blocked,Medium,2026-07-20 16:06:00,2026-07-20 16:11:00,2026-07-20 16:23:00
E-0552,CELL-A-02,Assembly,D,F630,Drive overload,Low,2026-07-20 16:28:00,2026-07-20 16:35:00,2026-07-20 16:46:00
E-0299,PRESS-F-01,Forming,B,F630,Drive overload,Medium,2026-07-20 18:47:00,2026-07-20 18:51:00,2026-07-20 19:03:00
E-0088,CONVEYOR-B-01,Material Handling,A,F204,Part not detected,Low,2026-07-20 20:09:00,2026-07-20 20:25:00,2026-07-20 20:26:00
E-0038,CELL-A-01,Assembly,D,F101,Guard circuit open,High,2026-07-21 00:00:00,2026-07-21 00:02:00,2026-07-21 00:11:00
E-0096,CELL-A-01,Assembly,B,F101,Guard circuit open,Low,2026-07-21 05:25:00,2026-07-21 05:34:00,2026-07-21 05:43:00
E-0191,PUMP-E-01,Utilities,B,F310,Cycle-time timeout,Low,2026-07-21 05:48:00,2026-07-21 05:50:00,2026-07-21 05:53:00
E-0580,CONVEYOR-B-01,Material Handling,D,F204,Part not detected,Medium,2026-07-21 06:55:00,2026-07-21 07:03:00,2026-07-21 07:13:00
E-0529,PRESS-F-01,Forming,B,F415,Communication interruption,Low,2026-07-21 08:01:00,2026-07-21 08:10:00,2026-07-21 08:19:00
E-0127,PRESS-F-01,Forming,D,F415,Communication interruption,High,2026-07-21 09:07:00,2026-07-21 09:16:00,2026-07-21 09:28:00
E-0042,CELL-A-02,Assembly,B,F522,Material-present sensor blocked,Medium,2026-07-21 12:19:00,2026-07-21 12:20:00,2026-07-21 12:23:00
E-0493,CELL-A-02,Assembly,C,F204,Part not detected,Low,2026-07-21 16:53:00,2026-07-21 17:08:00,2026-07-21 17:13:00
E-0052,CELL-A-02,Assembly,B,F630,Drive overload,Medium,2026-07-21 17:14:00,2026-07-21 17:28:00,2026-07-21 17:36:00
E-0297,CONVEYOR-B-01,Material Handling,C,F204,Part not detected,High,2026-07-21 17:33:00,2026-07-21 17:36:00,2026-07-21 17:45:00
E-0501,CELL-A-02,Assembly,A,F310,Cycle-time timeout,High,2026-07-21 19:18:00,2026-07-21 19:25:00,2026-07-21 19:26:00
E-0274,CELL-A-01,Assembly,C,F101,Guard circuit open,Medium,2026-07-21 20:28:00,2026-07-21 20:32:00,2026-07-21 20:42:00
E-0557,PUMP-E-01,Utilities,D,F204,Part not detected,Medium,2026-07-21 20:42:00,2026-07-21 20:47:00,2026-07-21 20:51:00
E-0157,CELL-A-02,Assembly,A,F310,Cycle-time timeout,Medium,2026-07-21 20:49:00,2026-07-21 20:52:00,2026-07-21 20:53:00
E-0300,CONVEYOR-B-01,Material Handling,B,F204,Part not detected,Medium,2026-07-21 20:58:00,2026-07-21 21:05:00,2026-07-21 21:09:00
E-0457,CELL-A-02,Assembly,B,F310,Cycle-time timeout,Low,2026-07-21 22:01:00,2026-07-21 22:18:00,2026-07-21 22:30:00
E-0071,PUMP-E-01,Utilities,D,F415,Communication interruption,Low,2026-07-21 22:17:00,2026-07-21 22:34:00,2026-07-21 22:36:00
E-0596,VISION-C-01,Inspection,B,F415,Communication interruption,High,2026-07-21 22:28:00,2026-07-21 22:37:00,2026-07-21 22:44:00
E-0546,CELL-A-01,Assembly,D,F101,Guard circuit open,Medium,2026-07-22 02:38:00,2026-07-22 02:52:00,2026-07-22 03:00:00
E-0244,CELL-A-01,Assembly,A,F101,Guard circuit open,Medium,2026-07-22 05:30:00,2026-07-22 05:44:00,2026-07-22 05:46:00
E-0391,ROBOT-G-01,Automation,D,F310,Cycle-time timeout,Low,2026-07-22 06:12:00,2026-07-22 06:19:00,2026-07-22 06:31:00
E-0091,CELL-A-02,Assembly,C,F310,Cycle-time timeout,High,2026-07-22 06:26:00,2026-07-22 06:31:00,2026-07-22 06:32:00
E-0415,PUMP-E-01,Utilities,C,F204,Part not detected,Low,2026-07-22 06:45:00,2026-07-22 06:55:00,2026-07-22 07:01:00
E-0196,PUMP-E-01,Utilities,B,F204,Part not detected,Medium,2026-07-22 07:31:00,2026-07-22 07:38:00,2026-07-22 07:49:00
E-0350,CELL-A-02,Assembly,B,F310,Cycle-time timeout,Low,2026-07-22 08:24:00,2026-07-22 08:36:00,2026-07-22 08:41:00
E-0194,VISION-C-01,Inspection,B,F415,Communication interruption,Low,2026-07-22 09:02:00,2026-07-22 09:16:00,2026-07-22 09:24:00
E-0528,VISION-C-01,Inspection,D,F415,Communication interruption,High,2026-07-22 09:31:00,2026-07-22 09:32:00,2026-07-22 09:40:00
E-0625,CELL-A-02,Assembly,C,F310,Cycle-time timeout,Low,2026-07-22 14:45:00,2026-07-22 14:51:00,2026-07-22 14:53:00
E-0285,VISION-C-01,Inspection,C,F204,Part not detected,High,2026-07-22 14:51:00,2026-07-22 14:53:00,2026-07-22 14:57:00
E-0521,CONVEYOR-B-01,Material Handling,C,F204,Part not detected,Medium,2026-07-22 15:09:00,2026-07-22 15:25:00,2026-07-22 15:26:00
E-0174,PACK-D-01,Packaging,A,F630,Drive overload,Low,2026-07-22 15:55:00,2026-07-22 15:59:00,2026-07-22 16:00:00
E-0062,CELL-A-01,Assembly,B,F101,Guard circuit open,Low,2026-07-22 17:55:00,2026-07-22 17:57:00,2026-07-22 17:58:00
E-0011,CELL-A-02,Assembly,A,F310,Cycle-time timeout,Medium,2026-07-22 18:26:00,2026-07-22 18:30:00,2026-07-22 18:40:00
E-0536,CONVEYOR-B-01,Material Handling,C,F204,Part not detected,Medium,2026-07-22 20:08:00,2026-07-22 20:13:00,2026-07-22 20:15:00
E-0051,CELL-A-02,Assembly,B,F310,Cycle-time timeout,Medium,2026-07-22 20:49:00,2026-07-22 20:54:00,2026-07-22 21:04:00
E-0632,CONVEYOR-B-01,Material Handling,B,F204,Part not detected,Medium,2026-07-22 20:58:00,2026-07-22 21:10:00,2026-07-22 21:18:00
E-0520,PACK-D-01,Packaging,D,F630,Drive overload,Low,2026-07-22 22:15:00,2026-07-22 22:22:00,2026-07-22 22:30:00
E-0275,CONVEYOR-B-01,Material Handling,A,F204,Part not detected,Medium,2026-07-22 22:43:00,2026-07-22 23:01:00,2026-07-22 23:13:00
E-0371,PUMP-E-01,Utilities,A,F630,Drive overload,Low,2026-07-22 23:17:00,2026-07-22 23:23:00,2026-07-22 23:33:00
E-0643,CELL-A-01,Assembly,D,F101,Guard circuit open,Medium,2026-07-23 00:02:00,2026-07-23 00:14:00,2026-07-23 00:15:00
E-0631,CELL-A-01,Assembly,A,F310,Cycle-time timeout,High,2026-07-23 00:15:00,2026-07-23 00:27:00,2026-07-23 00:29:00
E-0556,CELL-A-01,Assembly,C,F101,Guard circuit open,Medium,2026-07-23 01:30:00,2026-07-23 01:37:00,2026-07-23 01:40:00
E-0016,CELL-A-01,Assembly,B,F204,Part not detected,Low,2026-07-23 02:24:00,2026-07-23 02:26:00,2026-07-23 02:37:00
E-0130,CELL-A-02,Assembly,C,F204,Part not detected,Low,2026-07-23 02:33:00,2026-07-23 02:47:00,2026-07-23 02:59:00
E-0265,CELL-A-01,Assembly,A,F101,Guard circuit open,Low,2026-07-23 03:45:00,2026-07-23 03:58:00,2026-07-23 04:05:00
E-0568,VISION-C-01,Inspection,D,F415,Communication interruption,High,2026-07-23 03:51:00,2026-07-23 04:01:00,2026-07-23 04:02:00
E-0583,CELL-A-01,Assembly,A,F630,Drive overload,Medium,2026-07-23 06:12:00,2026-07-23 06:30:00,2026-07-23 06:34:00
E-0463,PUMP-E-01,Utilities,C,F204,Part not detected,Low,2026-07-23 06:34:00,2026-07-23 06:35:00,2026-07-23 06:36:00
E-0094,VISION-C-01,Inspection,A,F101,Guard circuit open,Low,2026-07-23 08:25:00,2026-07-23 08:39:00,2026-07-23 08:40:00
E-0283,CELL-A-02,Assembly,A,F310,Cycle-time timeout,High,2026-07-23 10:07:00,2026-07-23 10:17:00,2026-07-23 10:23:00
E-0588,CELL-A-02,Assembly,C,F630,Drive overload,Medium,2026-07-23 12:10:00,2026-07-23 12:26:00,2026-07-23 12:27:00
E-0031,VISION-C-01,Inspection,B,F415,Communication interruption,Medium,2026-07-23 12:32:00,2026-07-23 12:37:00,2026-07-23 12:49:00
E-0268,ROBOT-G-01,Automation,C,F310,Cycle-time timeout,Low,2026-07-23 14:12:00,2026-07-23 14:20:00,2026-07-23 14:30:00
E-0184,ROBOT-G-01,Automation,D,F310,Cycle-time timeout,Medium,2026-07-23 14:25:00,2026-07-23 14:38:00,2026-07-23 14:50:00
E-0010,PUMP-E-01,Utilities,D,F310,Cycle-time timeout,Medium,2026-07-23 14:35:00,2026-07-23 14:51:00,2026-07-23 14:56:00
E-0115,CELL-A-02,Assembly,A,F630,Drive overload,Medium,2026-07-23 16:50:00,2026-07-23 17:08:00,2026-07-23 17:16:00
E-0267,ROBOT-G-01,Automation,B,F204,Part not detected,Medium,2026-07-23 17:02:00,2026-07-23 17:20:00,2026-07-23 17:24:00
E-0263,CELL-A-02,Assembly,D,F310,Cycle-time timeout,Low,2026-07-23 17:12:00,2026-07-23 17:28:00,2026-07-23 17:29:00
E-0076,VISION-C-01,Inspection,A,F630,Drive overload,High,2026-07-23 18:33:00,2026-07-23 18:43:00,2026-07-23 18:49:00
E-0471,CELL-A-02,Assembly,C,F310,Cycle-time timeout,High,2026-07-23 18:39:00,2026-07-23 18:57:00,2026-07-23 19:08:00
E-0120,VISION-C-01,Inspection,A,F522,Material-present sensor blocked,Medium,2026-07-23 22:01:00,2026-07-23 22:15:00,2026-07-23 22:23:00
E-0068,CELL-A-02,Assembly,D,F310,Cycle-time timeout,Medium,2026-07-23 23:14:00,2026-07-23 23:32:00,2026-07-23 23:41:00
E-0296,CONVEYOR-B-01,Material Handling,B,F204,Part not detected,High,2026-07-24 00:17:00,2026-07-24 00:21:00,2026-07-24 00:28:00
E-0151,PUMP-E-01,Utilities,A,F204,Part not detected,Low,2026-07-24 02:57:00,2026-07-24 03:06:00,2026-07-24 03:09:00
E-0598,CELL-A-01,Assembly,C,F101,Guard circuit open,Low,2026-07-24 03:25:00,2026-07-24 03:32:00,2026-07-24 03:38:00
E-0077,CONVEYOR-B-01,Material Handling,A,F204,Part not detected,Medium,2026-07-24 04:07:00,2026-07-24 04:10:00,2026-07-24 04:19:00
E-0460,PRESS-F-01,Forming,C,F101,Guard circuit open,Low,2026-07-24 05:01:00,2026-07-24 05:10:00,2026-07-24 05:22:00
E-0564,CONVEYOR-B-01,Material Handling,C,F204,Part not detected,Low,2026-07-24 05:33:00,2026-07-24 05:48:00,2026-07-24 05:57:00
E-0351,CELL-A-01,Assembly,B,F310,Cycle-time timeout,High,2026-07-24 06:19:00,2026-07-24 06:22:00,2026-07-24 06:25:00
E-0064,PRESS-F-01,Forming,D,F415,Communication interruption,Medium,2026-07-24 09:08:00,2026-07-24 09:22:00,2026-07-24 09:24:00
E-0078,VISION-C-01,Inspection,C,F415,Communication interruption,High,2026-07-24 12:30:00,2026-07-24 12:34:00,2026-07-24 12:43:00
E-0451,CELL-A-01,Assembly,C,F101,Guard circuit open,High,2026-07-24 12:46:00,2026-07-24 12:48:00,2026-07-24 12:58:00
E-0192,CONVEYOR-B-01,Material Handling,D,F630,Drive overload,High,2026-07-24 13:41:00,2026-07-24 13:58:00,2026-07-24 14:00:00
E-0475,VISION-C-01,Inspection,B,F630,Drive overload,High,2026-07-24 14:16:00,2026-07-24 14:17:00,2026-07-24 14:22:00
E-0308,CELL-A-02,Assembly,B,F310,Cycle-time timeout,Low,2026-07-24 15:03:00,2026-07-24 15:06:00,2026-07-24 15:13:00
E-0333,CELL-A-01,Assembly,D,F630,Drive overload,High,2026-07-24 15:13:00,2026-07-24 15:31:00,2026-07-24 15:40:00
E-0034,CONVEYOR-B-01,Material Handling,C,F630,Drive overload,Low,2026-07-24 16:35:00,2026-07-24 16:41:00,2026-07-24 16:43:00
E-0593,CELL-A-01,Assembly,B,F101,Guard circuit open,High,2026-07-24 18:05:00,2026-07-24 18:16:00,2026-07-24 18:20:00
E-0229,ROBOT-G-01,Automation,C,F204,Part not detected,Low,2026-07-24 20:57:00,2026-07-24 20:59:00,2026-07-24 21:05:00
E-0353,PRESS-F-01,Forming,A,F415,Communication interruption,High,2026-07-24 22:50:00,2026-07-24 23:01:00,2026-07-24 23:03:00
E-0390,CELL-A-02,Assembly,A,F310,Cycle-time timeout,Medium,2026-07-24 23:04:00,2026-07-24 23:07:00,2026-07-24 23:10:00
E-0447,CELL-A-02,Assembly,B,F310,Cycle-time timeout,Low,2026-07-24 23:12:00,2026-07-24 23:17:00,2026-07-24 23:22:00
E-0025,PACK-D-01,Packaging,C,F101,Guard circuit open,Medium,2026-07-24 23:52:00,2026-07-25 00:01:00,2026-07-25 00:10:00
E-0538,CELL-A-01,Assembly,B,F415,Communication interruption,Medium,2026-07-25 00:01:00,2026-07-25 00:19:00,2026-07-25 00:23:00
E-0601,CONVEYOR-B-01,Material Handling,B,F204,Part not detected,Medium,2026-07-25 00:13:00,2026-07-25 00:18:00,2026-07-25 00:30:00
E-0507,PACK-D-01,Packaging,B,F522,Material-present sensor blocked,Low,2026-07-25 03:48:00,2026-07-25 03:57:00,2026-07-25 04:08:00
E-0378,CELL-A-01,Assembly,C,F101,Guard circuit open,High,2026-07-25 04:05:00,2026-07-25 04:09:00,2026-07-25 04:15:00
E-0247,CELL-A-02,Assembly,C,F310,Cycle-time timeout,Medium,2026-07-25 04:20:00,2026-07-25 04:24:00,2026-07-25 04:31:00
E-0455,CONVEYOR-B-01,Material Handling,B,F101,Guard circuit open,Low,2026-07-25 04:36:00,2026-07-25 04:41:00,2026-07-25 04:53:00
E-0322,VISION-C-01,Inspection,B,F415,Communication interruption,Low,2026-07-25 05:05:00,2026-07-25 05:12:00,2026-07-25 05:22:00
E-0221,ROBOT-G-01,Automation,C,F630,Drive overload,Low,2026-07-25 05:07:00,2026-07-25 05:12:00,2026-07-25 05:23:00
E-0634,VISION-C-01,Inspection,B,F415,Communication interruption,Medium,2026-07-25 05:24:00,2026-07-25 05:29:00,2026-07-25 05:33:00
E-0095,PACK-D-01,Packaging,A,F630,Drive overload,Medium,2026-07-25 06:25:00,2026-07-25 06:37:00,2026-07-25 06:44:00
E-0355,PACK-D-01,Packaging,B,F101,Guard circuit open,Low,2026-07-25 06:28:00,2026-07-25 06:40:00,2026-07-25 06:44:00
E-0049,CONVEYOR-B-01,Material Handling,D,F204,Part not detected,Medium,2026-07-25 06:51:00,2026-07-25 06:59:00,2026-07-25 07:00:00
E-0540,CELL-A-01,Assembly,C,F101,Guard circuit open,Medium,2026-07-25 08:22:00,2026-07-25 08:27:00,2026-07-25 08:34:00
E-0366,PUMP-E-01,Utilities,B,F204,Part not detected,Medium,2026-07-25 08:50:00,2026-07-25 09:04:00,2026-07-25 09:15:00
E-0253,CELL-A-01,Assembly,D,F415,Communication interruption,Medium,2026-07-25 08:57:00,2026-07-25 09:07:00,2026-07-25 09:12:00
E-0559,ROBOT-G-01,Automation,D,F310,Cycle-time timeout,Medium,2026-07-25 09:55:00,2026-07-25 09:57:00,2026-07-25 10:03:00
E-0160,CELL-A-02,Assembly,D,F310,Cycle-time timeout,Low,2026-07-25 10:22:00,2026-07-25 10:28:00,2026-07-25 10:31:00
E-0278,CELL-A-02,Assembly,A,F310,Cycle-time timeout,Medium,2026-07-25 10:43:00,2026-07-25 10:46:00,2026-07-25 10:57:00
E-0566,CONVEYOR-B-01,Material Handling,B,F204,Part not detected,Medium,2026-07-25 11:32:00,2026-07-25 11:45:00,2026-07-25 11:48:00
E-0207,CELL-A-02,Assembly,D,F522,Material-present sensor blocked,High,2026-07-25 12:03:00,2026-07-25 12:10:00,2026-07-25 12:16:00
E-0574,CELL-A-02,Assembly,B,F310,Cycle-time timeout,Medium,2026-07-25 12:37:00,2026-07-25 12:53:00,2026-07-25 13:03:00
E-0562,PACK-D-01,Packaging,B,F101,Guard circuit open,Medium,2026-07-25 13:51:00,2026-07-25 14:02:00,2026-07-25 14:07:00
E-0429,CONVEYOR-B-01,Material Handling,D,F204,Part not detected,High,2026-07-25 14:38:00,2026-07-25 14:40:00,2026-07-25 14:42:00
E-0023,VISION-C-01,Inspection,A,F415,Communication interruption,High,2026-07-25 15:26:00,2026-07-25 15:31:00,2026-07-25 15:32:00
E-0040,CONVEYOR-B-01,Material Handling,B,F204,Part not detected,High,2026-07-25 15:39:00,2026-07-25 15:53:00,2026-07-25 15:58:00
E-0406,CELL-A-02,Assembly,B,F310,Cycle-time timeout,Medium,2026-07-25 17:41:00,2026-07-25 17:42:00,2026-07-25 17:44:00
E-0107,PRESS-F-01,Forming,D,F415,Communication interruption,Low,2026-07-25 17:58:00,2026-07-25 18:08:00,2026-07-25 18:12:00
E-0416,PACK-D-01,Packaging,D,F101,Guard circuit open,Low,2026-07-25 18:10:00,2026-07-25 18:11:00,2026-07-25 18:16:00
E-0591,CONVEYOR-B-01,Material Handling,D,F204,Part not detected,Low,2026-07-25 19:40:00,2026-07-25 19:55:00,2026-07-25 19:58:00
E-0271,PRESS-F-01,Forming,B,F630,Drive overload,Medium,2026-07-25 20:03:00,2026-07-25 20:11:00,2026-07-25 20:21:00
E-0541,CONVEYOR-B-01,Material Handling,C,F204,Part not detected,High,2026-07-25 23:15:00,2026-07-25 23:17:00,2026-07-25 23:23:00
E-0176,PACK-D-01,Packaging,B,F415,Communication interruption,High,2026-07-25 23:27:00,2026-07-25 23:41:00,2026-07-25 23:48:00
E-0074,VISION-C-01,Inspection,A,F415,Communication interruption,Medium,2026-07-26 02:16:00,2026-07-26 02:27:00,2026-07-26 02:28:00
E-0517,PACK-D-01,Packaging,B,F415,Communication interruption,Medium,2026-07-26 03:27:00,2026-07-26 03:31:00,2026-07-26 03:39:00
E-0513,PUMP-E-01,Utilities,B,F630,Drive overload,Medium,2026-07-26 04:48:00,2026-07-26 05:04:00,2026-07-26 05:12:00
E-0002,PUMP-E-01,Utilities,A,F522,Material-present sensor blocked,Medium,2026-07-26 05:25:00,2026-07-26 05:40:00,2026-07-26 05:47:00
E-0310,CELL-A-01,Assembly,A,F101,Guard circuit open,Low,2026-07-26 07:07:00,2026-07-26 07:24:00,2026-07-26 07:34:00
E-0408,PACK-D-01,Packaging,D,F204,Part not detected,Medium,2026-07-26 09:35:00,2026-07-26 09:36:00,2026-07-26 09:38:00
E-0161,VISION-C-01,Inspection,C,F415,Communication interruption,Low,2026-07-26 09:41:00,2026-07-26 09:45:00,2026-07-26 09:47:00
E-0114,VISION-C-01,Inspection,D,F101,Guard circuit open,High,2026-07-26 09:43:00,2026-07-26 09:46:00,2026-07-26 09:52:00
E-0615,CELL-A-02,Assembly,C,F310,Cycle-time timeout,Low,2026-07-26 11:38:00,2026-07-26 11:53:00,2026-07-26 12:05:00
E-0169,CELL-A-01,Assembly,D,F630,Drive overload,High,2026-07-26 12:11:00,2026-07-26 12:17:00,2026-07-26 12:26:00
E-0295,PRESS-F-01,Forming,B,F415,Communication interruption,Low,2026-07-26 12:20:00,2026-07-26 12:28:00,2026-07-26 12:38:00
E-0478,CELL-A-01,Assembly,C,F101,Guard circuit open,Medium,2026-07-26 14:55:00,2026-07-26 15:09:00,2026-07-26 15:10:00
E-0005,CELL-A-02,Assembly,D,F522,Material-present sensor blocked,High,2026-07-26 17:38:00,2026-07-26 17:45:00,2026-07-26 17:46:00
E-0250,CELL-A-01,Assembly,A,F101,Guard circuit open,Medium,2026-07-26 18:37:00,2026-07-26 18:55:00,2026-07-26 19:06:00
E-0555,PACK-D-01,Packaging,B,F415,Communication interruption,Medium,2026-07-26 18:46:00,2026-07-26 18:56:00,2026-07-26 18:59:00
E-0092,PRESS-F-01,Forming,B,F630,Drive overload,Low,2026-07-26 19:22:00,2026-07-26 19:37:00,2026-07-26 19:48:00
E-0494,CONVEYOR-B-01,Material Handling,C,F204,Part not detected,Low,2026-07-26 19:49:00,2026-07-26 19:51:00,2026-07-26 19:58:00
E-0093,CELL-A-01,Assembly,C,F101,Guard circuit open,Medium,2026-07-26 19:54:00,2026-07-26 20:04:00,2026-07-26 20:11:00
E-0543,PRESS-F-01,Forming,D,F204,Part not detected,High,2026-07-26 20:22:00,2026-07-26 20:37:00,2026-07-26 20:48:00
E-0592,CELL-A-02,Assembly,B,F204,Part not detected,Medium,2026-07-26 22:41:00,2026-07-26 22:49:00,2026-07-26 22:50:00
E-0377,VISION-C-01,Inspection,D,F415,Communication interruption,Medium,2026-07-27 04:03:00,2026-07-27 04:15:00,2026-07-27 04:26:00
E-0225,CELL-A-02,Assembly,C,F310,Cycle-time timeout,High,2026-07-27 04:30:00,2026-07-27 04:40:00,2026-07-27 04:41:00
E-0392,CELL-A-01,Assembly,C,F101,Guard circuit open,High,2026-07-27 06:49:00,2026-07-27 06:54:00,2026-07-27 07:02:00
E-0589,CONVEYOR-B-01,Material Handling,B,F204,Part not detected,Medium,2026-07-27 08:47:00,2026-07-27 09:01:00,2026-07-27 09:11:00
E-0594,CONVEYOR-B-01,Material Handling,D,F204,Part not detected,High,2026-07-27 09:01:00,2026-07-27 09:12:00,2026-07-27 09:13:00
E-0519,CONVEYOR-B-01,Material Handling,B,F415,Communication interruption,Low,2026-07-27 09:05:00,2026-07-27 09:11:00,2026-07-27 09:13:00
E-0397,VISION-C-01,Inspection,B,F310,Cycle-time timeout,Low,2026-07-27 09:26:00,2026-07-27 09:40:00,2026-07-27 09:50:00
E-0443,CELL-A-02,Assembly,A,F310,Cycle-time timeout,High,2026-07-27 09:31:00,2026-07-27 09:45:00,2026-07-27 09:50:00
E-0420,CONVEYOR-B-01,Material Handling,B,F204,Part not detected,Medium,2026-07-27 12:35:00,2026-07-27 12:51:00,2026-07-27 12:56:00
E-0309,CELL-A-02,Assembly,D,F204,Part not detected,Medium,2026-07-27 13:33:00,2026-07-27 13:36:00,2026-07-27 13:42:00
E-0138,CELL-A-01,Assembly,B,F415,Communication interruption,Low,2026-07-27 14:27:00,2026-07-27 14:32:00,2026-07-27 14:35:00
E-0554,CONVEYOR-B-01,Material Handling,A,F204,Part not detected,Medium,2026-07-27 16:03:00,2026-07-27 16:08:00,2026-07-27 16:20:00
E-0454,CELL-A-02,Assembly,D,F101,Guard circuit open,Medium,2026-07-27 16:30:00,2026-07-27 16:44:00,2026-07-27 16:53:00
E-0287,CONVEYOR-B-01,Material Handling,D,F204,Part not detected,Low,2026-07-27 16:49:00,2026-07-27 16:52:00,2026-07-27 16:57:00
E-0612,CELL-A-01,Assembly,D,F101,Guard circuit open,Low,2026-07-27 17:51:00,2026-07-27 18:03:00,2026-07-27 18:07:00
E-0270,VISION-C-01,Inspection,B,F415,Communication interruption,Medium,2026-07-27 17:58:00,2026-07-27 18:06:00,2026-07-27 18:12:00
E-0087,CELL-A-01,Assembly,C,F101,Guard circuit open,Medium,2026-07-27 18:40:00,2026-07-27 18:58:00,2026-07-27 18:59:00
E-0558,ROBOT-G-01,Automation,A,F101,Guard circuit open,Medium,2026-07-27 19:31:00,2026-07-27 19:35:00,2026-07-27 19:46:00
E-0216,PUMP-E-01,Utilities,B,F522,Material-present sensor blocked,Medium,2026-07-27 22:49:00,2026-07-27 22:53:00,2026-07-27 22:57:00
E-0213,CELL-A-02,Assembly,A,F310,Cycle-time timeout,High,2026-07-27 22:51:00,2026-07-27 23:03:00,2026-07-27 23:11:00
E-0648,CELL-A-01,Assembly,C,F630,Drive overload,Medium,2026-07-28 00:23:00,2026-07-28 00:30:00,2026-07-28 00:31:00
E-0231,CONVEYOR-B-01,Material Handling,D,F204,Part not detected,Low,2026-07-28 00:39:00,2026-07-28 00:54:00,2026-07-28 00:58:00
E-0135,PRESS-F-01,Forming,D,F522,Material-present sensor blocked,Medium,2026-07-28 00:57:00,2026-07-28 01:11:00,2026-07-28 01:12:00
E-0276,CONVEYOR-B-01,Material Handling,B,F204,Part not detected,High,2026-07-28 01:17:00,2026-07-28 01:35:00,2026-07-28 01:46:00
E-0627,ROBOT-G-01,Automation,A,F204,Part not detected,High,2026-07-28 03:12:00,2026-07-28 03:25:00,2026-07-28 03:34:00
E-0626,CELL-A-01,Assembly,B,F101,Guard circuit open,Medium,2026-07-28 05:25:00,2026-07-28 05:30:00,2026-07-28 05:32:00
E-0026,VISION-C-01,Inspection,D,F101,Guard circuit open,Low,2026-07-28 06:07:00,2026-07-28 06:19:00,2026-07-28 06:21:00
E-0129,PRESS-F-01,Forming,C,F310,Cycle-time timeout,High,2026-07-28 06:15:00,2026-07-28 06:25:00,2026-07-28 06:37:00
E-0329,PRESS-F-01,Forming,C,F415,Communication interruption,Medium,2026-07-28 11:03:00,2026-07-28 11:04:00,2026-07-28 11:15:00
E-0642,CELL-A-02,Assembly,D,F310,Cycle-time timeout,High,2026-07-28 11:23:00,2026-07-28 11:36:00,2026-07-28 11:48:00
E-0332,PRESS-F-01,Forming,A,F415,Communication interruption,Low,2026-07-28 11:24:00,2026-07-28 11:40:00,2026-07-28 11:52:00
E-0210,CELL-A-02,Assembly,C,F310,Cycle-time timeout,Low,2026-07-28 13:55:00,2026-07-28 14:09:00,2026-07-28 14:10:00
E-0313,CONVEYOR-B-01,Material Handling,C,F204,Part not detected,Medium,2026-07-28 14:56:00,2026-07-28 15:08:00,2026-07-28 15:09:00
E-0209,CELL-A-01,Assembly,A,F522,Material-present sensor blocked,High,2026-07-28 15:08:00,2026-07-28 15:23:00,2026-07-28 15:33:00
E-0083,ROBOT-G-01,Automation,B,F630,Drive overload,Medium,2026-07-28 15:19:00,2026-07-28 15:22:00,2026-07-28 15:24:00
E-0396,VISION-C-01,Inspection,C,F415,Communication interruption,Medium,2026-07-28 15:26:00,2026-07-28 15:36:00,2026-07-28 15:37:00
E-0368,CELL-A-01,Assembly,D,F101,Guard circuit open,Medium,2026-07-28 16:24:00,2026-07-28 16:31:00,2026-07-28 16:40:00
E-0014,VISION-C-01,Inspection,A,F415,Communication interruption,Low,2026-07-28 17:01:00,2026-07-28 17:12:00,2026-07-28 17:19:00
E-0070,PUMP-E-01,Utilities,A,F522,Material-present sensor blocked,Low,2026-07-28 18:18:00,2026-07-28 18:20:00,2026-07-28 18:24:00
E-0533,ROBOT-G-01,Automation,C,F204,Part not detected,Medium,2026-07-28 19:29:00,2026-07-28 19:39:00,2026-07-28 19:47:00
E-0124,CELL-A-01,Assembly,A,F415,Communication interruption,Low,2026-07-28 19:49:00,2026-07-28 19:57:00,2026-07-28 20:00:00
E-0319,CELL-A-02,Assembly,A,F310,Cycle-time timeout,Low,2026-07-28 22:42:00,2026-07-28 22:45:00,2026-07-28 22:54:00
E-0380,PACK-D-01,Packaging,B,F101,Guard circuit open,Medium,2026-07-29 01:03:00,2026-07-29 01:20:00,2026-07-29 01:22:00
E-0128,CONVEYOR-B-01,Material Handling,D,F630,Drive overload,Low,2026-07-29 01:11:00,2026-07-29 01:26:00,2026-07-29 01:32:00
E-0600,PUMP-E-01,Utilities,B,F310,Cycle-time timeout,High,2026-07-29 01:28:00,2026-07-29 01:35:00,2026-07-29 01:39:00
E-0306,PUMP-E-01,Utilities,C,F630,Drive overload,Low,2026-07-29 05:12:00,2026-07-29 05:24:00,2026-07-29 05:35:00
E-0252,VISION-C-01,Inspection,C,F415,Communication interruption,Low,2026-07-29 05:39:00,2026-07-29 05:43:00,2026-07-29 05:49:00
E-0277,ROBOT-G-01,Automation,C,F101,Guard circuit open,Medium,2026-07-29 06:03:00,2026-07-29 06:04:00,2026-07-29 06:16:00
E-0537,VISION-C-01,Inspection,B,F204,Part not detected,Medium,2026-07-29 06:46:00,2026-07-29 06:52:00,2026-07-29 07:04:00
E-0613,VISION-C-01,Inspection,A,F415,Communication interruption,Medium,2026-07-29 08:55:00,2026-07-29 09:08:00,2026-07-29 09:19:00
E-0361,PACK-D-01,Packaging,D,F310,Cycle-time timeout,Low,2026-07-29 10:46:00,2026-07-29 11:04:00,2026-07-29 11:10:00
E-0185,CELL-A-02,Assembly,B,F310,Cycle-time timeout,Medium,2026-07-29 11:43:00,2026-07-29 11:54:00,2026-07-29 12:01:00
E-0125,CELL-A-02,Assembly,B,F310,Cycle-time timeout,Low,2026-07-29 12:17:00,2026-07-29 12:34:00,2026-07-29 12:43:00
E-0518,PRESS-F-01,Forming,A,F101,Guard circuit open,Medium,2026-07-29 13:33:00,2026-07-29 13:47:00,2026-07-29 13:49:00
E-0197,CELL-A-01,Assembly,A,F204,Part not detected,High,2026-07-29 15:35:00,2026-07-29 15:52:00,2026-07-29 15:57:00
E-0638,CELL-A-02,Assembly,B,F101,Guard circuit open,Low,2026-07-29 16:16:00,2026-07-29 16:28:00,2026-07-29 16:33:00
E-0430,VISION-C-01,Inspection,D,F415,Communication interruption,Medium,2026-07-29 17:01:00,2026-07-29 17:06:00,2026-07-29 17:16:00
E-0360,CELL-A-02,Assembly,D,F101,Guard circuit open,Low,2026-07-29 19:54:00,2026-07-29 20:02:00,2026-07-29 20:10:00
E-0073,CELL-A-02,Assembly,D,F310,Cycle-time timeout,High,2026-07-29 22:33:00,2026-07-29 22:42:00,2026-07-29 22:52:00
E-0428,PRESS-F-01,Forming,C,F204,Part not detected,Low,2026-07-29 22:41:00,2026-07-29 22:44:00,2026-07-29 22:45:00
E-0576,CONVEYOR-B-01,Material Handling,A,F204,Part not detected,Medium,2026-07-29 22:46:00,2026-07-29 22:55:00,2026-07-29 23:05:00
E-0417,CELL-A-01,Assembly,C,F101,Guard circuit open,Low,2026-07-29 22:58:00,2026-07-29 23:15:00,2026-07-29 23:22:00
E-0514,CONVEYOR-B-01,Material Handling,B,F101,Guard circuit open,Medium,2026-07-30 03:00:00,2026-07-30 03:04:00,2026-07-30 03:12:00
E-0331,CELL-A-02,Assembly,B,F310,Cycle-time timeout,Medium,2026-07-30 07:56:00,2026-07-30 08:05:00,2026-07-30 08:11:00
E-0498,VISION-C-01,Inspection,A,F101,Guard circuit open,Medium,2026-07-30 14:03:00,2026-07-30 14:18:00,2026-07-30 14:30:00
E-0414,CONVEYOR-B-01,Material Handling,C,F204,Part not detected,Low,2026-07-30 14:17:00,2026-07-30 14:27:00,2026-07-30 14:29:00
E-0553,ROBOT-G-01,Automation,C,F630,Drive overload,Low,2026-07-30 14:44:00,2026-07-30 14:47:00,2026-07-30 14:53:00
E-0637,CELL-A-01,Assembly,B,F101,Guard circuit open,Low,2026-07-30 15:05:00,2026-07-30 15:09:00,2026-07-30 15:13:00
E-0379,VISION-C-01,Inspection,B,F415,Communication interruption,Medium,2026-07-30 16:27:00,2026-07-30 16:32:00,2026-07-30 16:36:00
E-0279,CELL-A-02,Assembly,B,F310,Cycle-time timeout,High,2026-07-30 17:11:00,2026-07-30 17:26:00,2026-07-30 17:38:00
E-0459,CONVEYOR-B-01,Material Handling,B,F204,Part not detected,Low,2026-07-30 18:38:00,2026-07-30 18:48:00,2026-07-30 18:53:00
E-0104,VISION-C-01,Inspection,C,F310,Cycle-time timeout,Medium,2026-07-30 18:39:00,2026-07-30 18:50:00,2026-07-30 18:59:00
E-0561,VISION-C-01,Inspection,B,F415,Communication interruption,High,2026-07-30 18:51:00,2026-07-30 18:56:00,2026-07-30 18:59:00
E-0280,VISION-C-01,Inspection,C,F415,Communication interruption,Medium,2026-07-30 19:09:00,2026-07-30 19:11:00,2026-07-30 19:15:00
E-0075,CELL-A-01,Assembly,B,F101,Guard circuit open,Medium,2026-07-30 19:15:00,2026-07-30 19:16:00,2026-07-30 19:23:00
E-0344,CELL-A-02,Assembly,B,F310,Cycle-time timeout,High,2026-07-30 19:40:00,2026-07-30 19:48:00,2026-07-30 19:54:00
E-0505,PRESS-F-01,Forming,C,F310,Cycle-time timeout,High,2026-07-30 21:57:00,2026-07-30 21:58:00,2026-07-30 22:02:00
E-0208,CELL-A-01,Assembly,B,F101,Guard circuit open,Medium,2026-07-30 23:25:00,2026-07-30 23:26:00,2026-07-30 23:38:00
E-0542,CONVEYOR-B-01,Material Handling,B,F204,Part not detected,Medium,2026-07-31 00:33:00,2026-07-31 00:45:00,2026-07-31 00:55:00
E-0214,CELL-A-02,Assembly,C,F310,Cycle-time timeout,High,2026-07-31 01:50:00,2026-07-31 01:54:00,2026-07-31 01:56:00
E-0133,CELL-A-01,Assembly,B,F101,Guard circuit open,High,2026-07-31 02:05:00,2026-07-31 02:15:00,2026-07-31 02:25:00
E-0144,CELL-A-02,Assembly,B,F310,Cycle-time timeout,Medium,2026-07-31 02:33:00,2026-07-31 02:34:00,2026-07-31 02:38:00
E-0204,CELL-A-02,Assembly,A,F310,Cycle-time timeout,Low,2026-07-31 02:50:00,2026-07-31 03:08:00,2026-07-31 03:11:00
E-0399,VISION-C-01,Inspection,D,F630,Drive overload,Low,2026-07-31 03:09:00,2026-07-31 03:13:00,2026-07-31 03:14:00
E-0237,CONVEYOR-B-01,Material Handling,B,F204,Part not detected,Medium,2026-07-31 04:26:00,2026-07-31 04:31:00,2026-07-31 04:38:00
E-0469,CELL-A-02,Assembly,B,F310,Cycle-time timeout,Medium,2026-07-31 05:15:00,2026-07-31 05:32:00,2026-07-31 05:43:00
E-0607,CELL-A-02,Assembly,B,F310,Cycle-time timeout,Low,2026-07-31 06:15:00,2026-07-31 06:21:00,2026-07-31 06:25:00
E-0403,VISION-C-01,Inspection,D,F415,Communication interruption,Medium,2026-07-31 07:20:00,2026-07-31 07:24:00,2026-07-31 07:32:00
E-0424,CELL-A-01,Assembly,A,F101,Guard circuit open,Medium,2026-07-31 11:31:00,2026-07-31 11:37:00,2026-07-31 11:43:00
E-0281,CELL-A-02,Assembly,A,F204,Part not detected,High,2026-07-31 15:44:00,2026-07-31 15:49:00,2026-07-31 16:01:00
E-0069,CELL-A-02,Assembly,B,F310,Cycle-time timeout,High,2026-07-31 16:30:00,2026-07-31 16:48:00,2026-07-31 16:59:00
E-0200,PUMP-E-01,Utilities,A,F310,Cycle-time timeout,Low,2026-07-31 16:54:00,2026-07-31 17:04:00,2026-07-31 17:13:00
E-0243,CELL-A-02,Assembly,C,F310,Cycle-time timeout,Low,2026-07-31 17:39:00,2026-07-31 17:45:00,2026-07-31 17:46:00
E-0569,VISION-C-01,Inspection,C,F522,Material-present sensor blocked,Medium,2026-07-31 18:26:00,2026-07-31 18:27:00,2026-07-31 18:32:00
E-0318,CONVEYOR-B-01,Material Handling,C,F204,Part not detected,Low,2026-07-31 18:39:00,2026-07-31 18:43:00,2026-07-31 18:51:00
E-0647,CONVEYOR-B-01,Material Handling,D,F204,Part not detected,Medium,2026-07-31 19:32:00,2026-07-31 19:50:00,2026-07-31 19:51:00
E-0202,PRESS-F-01,Forming,D,F310,Cycle-time timeout,Low,2026-07-31 20:35:00,2026-07-31 20:43:00,2026-07-31 20:50:00
E-0321,CELL-A-02,Assembly,C,F310,Cycle-time timeout,Medium,2026-07-31 20:51:00,2026-07-31 20:55:00,2026-07-31 21:06:00
E-0394,CELL-A-02,Assembly,A,F310,Cycle-time timeout,Medium,2026-07-31 21:27:00,2026-07-31 21:40:00,2026-07-31 21:50:00
E-0373,VISION-C-01,Inspection,C,F415,Communication interruption,Medium,2026-07-31 21:54:00,2026-07-31 22:09:00,2026-07-31 22:18:00
E-0585,CELL-A-01,Assembly,A,F204,Part not detected,Low,2026-07-31 22:04:00,2026-07-31 22:07:00,2026-07-31 22:13:00
E-0581,PRESS-F-01,Forming,D,F415,Communication interruption,Low,2026-07-31 23:56:00,2026-08-01 00:04:00,2026-08-01 00:12:00
E-0526,CELL-A-01,Assembly,C,F415,Communication interruption,High,2026-08-01 02:04:00,2026-08-01 02:22:00,2026-08-01 02:29:00
E-0425,CONVEYOR-B-01,Material Handling,B,F204,Part not detected,Medium,2026-08-01 02:15:00,2026-08-01 02:20:00,2026-08-01 02:24:00
E-0500,CELL-A-02,Assembly,B,F310,Cycle-time timeout,Low,2026-08-01 02:34:00,2026-08-01 02:39:00,2026-08-01 02:45:00
E-0137,VISION-C-01,Inspection,C,F415,Communication interruption,Medium,2026-08-01 07:29:00,2026-08-01 07:34:00,2026-08-01 07:43:00
E-0570,VISION-C-01,Inspection,A,F415,Communication interruption,Low,2026-08-01 12:27:00,2026-08-01 12:44:00,2026-08-01 12:48:00
E-0440,CELL-A-01,Assembly,B,F101,Guard circuit open,Medium,2026-08-01 13:19:00,2026-08-01 13:26:00,2026-08-01 13:31:00
E-0356,CELL-A-01,Assembly,D,F522,Material-present sensor blocked,Medium,2026-08-01 14:13:00,2026-08-01 14:23:00,2026-08-01 14:30:00
E-0523,CELL-A-02,Assembly,D,F310,Cycle-time timeout,Low,2026-08-01 14:18:00,2026-08-01 14:36:00,2026-08-01 14:39:00
E-0017,CELL-A-02,Assembly,C,F415,Communication interruption,Medium,2026-08-01 14:24:00,2026-08-01 14:39:00,2026-08-01 14:51:00
E-0435,VISION-C-01,Inspection,C,F415,Communication interruption,High,2026-08-01 15:05:00,2026-08-01 15:06:00,2026-08-01 15:08:00
E-0043,CONVEYOR-B-01,Material Handling,D,F310,Cycle-time timeout,Low,2026-08-01 17:28:00,2026-08-01 17:36:00,2026-08-01 17:38:00
E-0123,CONVEYOR-B-01,Material Handling,C,F204,Part not detected,Medium,2026-08-01 18:52:00,2026-08-01 19:08:00,2026-08-01 19:15:00
E-0629,CONVEYOR-B-01,Material Handling,C,F204,Part not detected,Low,2026-08-01 19:51:00,2026-08-01 19:53:00,2026-08-01 20:05:00
E-0143,PACK-D-01,Packaging,A,F204,Part not detected,Low,2026-08-01 20:14:00,2026-08-01 20:21:00,2026-08-01 20:23:00
E-0405,PUMP-E-01,Utilities,D,F630,Drive overload,Medium,2026-08-01 22:17:00,2026-08-01 22:28:00,2026-08-01 22:32:00
E-0608,CONVEYOR-B-01,Material Handling,A,F204,Part not detected,Low,2026-08-01 23:21:00,2026-08-01 23:38:00,2026-08-01 23:43:00
E-0156,CONVEYOR-B-01,Material Handling,B,F204,Part not detected,Low,2026-08-02 00:50:00,2026-08-02 00:58:00,2026-08-02 01:01:00
E-0227,PRESS-F-01,Forming,D,F522,Material-present sensor blocked,Low,2026-08-02 01:20:00,2026-08-02 01:28:00,2026-08-02 01:36:00
E-0423,PUMP-E-01,Utilities,B,F522,Material-present sensor blocked,Medium,2026-08-02 01:44:00,2026-08-02 01:50:00,2026-08-02 01:52:00
E-0047,CELL-A-01,Assembly,B,F101,Guard circuit open,Low,2026-08-02 02:14:00,2026-08-02 02:24:00,2026-08-02 02:32:00
E-0030,CELL-A-02,Assembly,B,F310,Cycle-time timeout,Medium,2026-08-02 03:37:00,2026-08-02 03:50:00,2026-08-02 03:56:00
E-0486,CELL-A-01,Assembly,A,F101,Guard circuit open,Medium,2026-08-02 04:03:00,2026-08-02 04:19:00,2026-08-02 04:25:00
E-0150,VISION-C-01,Inspection,C,F415,Communication interruption,High,2026-08-02 11:06:00,2026-08-02 11:24:00,2026-08-02 11:36:00
E-0314,ROBOT-G-01,Automation,D,F204,Part not detected,Medium,2026-08-02 11:36:00,2026-08-02 11:49:00,2026-08-02 11:50:00
E-0055,VISION-C-01,Inspection,A,F415,Communication interruption,High,2026-08-02 11:42:00,2026-08-02 11:53:00,2026-08-02 11:58:00
E-0578,PRESS-F-01,Forming,A,F310,Cycle-time timeout,Low,2026-08-02 12:51:00,2026-08-02 13:06:00,2026-08-02 13:09:00
E-0307,VISION-C-01,Inspection,B,F415,Communication interruption,High,2026-08-02 14:13:00,2026-08-02 14:18:00,2026-08-02 14:23:00
E-0473,CONVEYOR-B-01,Material Handling,B,F204,Part not detected,Medium,2026-08-02 16:25:00,2026-08-02 16:32:00,2026-08-02 16:39:00
E-0622,CELL-A-01,Assembly,C,F101,Guard circuit open,Low,2026-08-02 16:41:00,2026-08-02 16:58:00,2026-08-02 17:08:00
E-0458,CELL-A-01,Assembly,C,F310,Cycle-time timeout,Low,2026-08-02 17:15:00,2026-08-02 17:20:00,2026-08-02 17:25:00
E-0186,VISION-C-01,Inspection,B,F415,Communication interruption,Medium,2026-08-02 17:18:00,2026-08-02 17:20:00,2026-08-02 17:23:00
E-0326,CELL-A-01,Assembly,C,F101,Guard circuit open,Medium,2026-08-02 17:25:00,2026-08-02 17:32:00,2026-08-02 17:37:00
E-0595,ROBOT-G-01,Automation,D,F101,Guard circuit open,Medium,2026-08-02 19:03:00,2026-08-02 19:08:00,2026-08-02 19:11:00
E-0065,PACK-D-01,Packaging,C,F630,Drive overload,Low,2026-08-02 20:48:00,2026-08-02 21:03:00,2026-08-02 21:08:00
E-0602,PUMP-E-01,Utilities,C,F101,Guard circuit open,Low,2026-08-03 00:19:00,2026-08-03 00:37:00,2026-08-03 00:42:00
E-0427,CELL-A-02,Assembly,D,F310,Cycle-time timeout,Medium,2026-08-03 01:18:00,2026-08-03 01:24:00,2026-08-03 01:29:00
E-0057,CELL-A-01,Assembly,A,F101,Guard circuit open,Low,2026-08-03 01:56:00,2026-08-03 01:59:00,2026-08-03 02:06:00
E-0195,CONVEYOR-B-01,Material Handling,D,F204,Part not detected,Medium,2026-08-03 02:53:00,2026-08-03 02:56:00,2026-08-03 02:58:00
E-0587,PACK-D-01,Packaging,D,F630,Drive overload,Low,2026-08-03 03:13:00,2026-08-03 03:20:00,2026-08-03 03:27:00
E-0236,CELL-A-02,Assembly,D,F415,Communication interruption,Low,2026-08-03 04:09:00,2026-08-03 04:12:00,2026-08-03 04:21:00
E-0364,CONVEYOR-B-01,Material Handling,D,F204,Part not detected,Low,2026-08-03 04:14:00,2026-08-03 04:21:00,2026-08-03 04:31:00
E-0502,PACK-D-01,Packaging,D,F101,Guard circuit open,Low,2026-08-03 04:34:00,2026-08-03 04:47:00,2026-08-03 04:59:00
E-0590,VISION-C-01,Inspection,A,F415,Communication interruption,Low,2026-08-03 05:10:00,2026-08-03 05:21:00,2026-08-03 05:29:00
E-0215,VISION-C-01,Inspection,C,F415,Communication interruption,High,2026-08-03 06:16:00,2026-08-03 06:22:00,2026-08-03 06:33:00
E-0112,CELL-A-01,Assembly,B,F630,Drive overload,Medium,2026-08-03 06:19:00,2026-08-03 06:33:00,2026-08-03 06:39:00
E-0098,PRESS-F-01,Forming,D,F415,Communication interruption,Low,2026-08-03 08:30:00,2026-08-03 08:33:00,2026-08-03 08:36:00
E-0422,PRESS-F-01,Forming,B,F101,Guard circuit open,Low,2026-08-03 08:36:00,2026-08-03 08:51:00,2026-08-03 09:03:00
E-0545,CONVEYOR-B-01,Material Handling,A,F204,Part not detected,Medium,2026-08-03 09:25:00,2026-08-03 09:41:00,2026-08-03 09:46:00
E-0641,PUMP-E-01,Utilities,C,F522,Material-present sensor blocked,High,2026-08-03 09:37:00,2026-08-03 09:46:00,2026-08-03 09:51:00
E-0182,ROBOT-G-01,Automation,D,F415,Communication interruption,High,2026-08-03 10:03:00,2026-08-03 10:05:00,2026-08-03 10:15:00
E-0226,VISION-C-01,Inspection,D,F310,Cycle-time timeout,Low,2026-08-03 10:22:00,2026-08-03 10:26:00,2026-08-03 10:38:00
E-0402,CONVEYOR-B-01,Material Handling,B,F204,Part not detected,High,2026-08-03 11:09:00,2026-08-03 11:16:00,2026-08-03 11:17:00
E-0085,CELL-A-02,Assembly,C,F310,Cycle-time timeout,Medium,2026-08-03 11:33:00,2026-08-03 11:34:00,2026-08-03 11:38:00
E-0354,PRESS-F-01,Forming,A,F630,Drive overload,Medium,2026-08-03 12:20:00,2026-08-03 12:22:00,2026-08-03 12:33:00
E-0325,CELL-A-02,Assembly,A,F310,Cycle-time timeout,Medium,2026-08-03 13:40:00,2026-08-03 13:55:00,2026-08-03 13:59:00
E-0407,CELL-A-02,Assembly,A,F310,Cycle-time timeout,Medium,2026-08-03 13:48:00,2026-08-03 13:58:00,2026-08-03 14:06:00
E-0009,VISION-C-01,Inspection,C,F630,Drive overload,Low,2026-08-03 15:16:00,2026-08-03 15:19:00,2026-08-03 15:29:00
E-0636,VISION-C-01,Inspection,B,F415,Communication interruption,Medium,2026-08-03 16:15:00,2026-08-03 16:20:00,2026-08-03 16:25:00
E-0316,VISION-C-01,Inspection,C,F415,Communication interruption,High,2026-08-03 16:50:00,2026-08-03 17:02:00,2026-08-03 17:12:00
E-0046,PRESS-F-01,Forming,D,F101,Guard circuit open,Medium,2026-08-03 17:39:00,2026-08-03 17:42:00,2026-08-03 17:49:00
E-0066,CONVEYOR-B-01,Material Handling,B,F204,Part not detected,Low,2026-08-03 17:48:00,2026-08-03 17:57:00,2026-08-03 17:59:00
E-0001,PUMP-E-01,Utilities,C,F310,Cycle-time timeout,Low,2026-08-03 18:14:00,2026-08-03 18:30:00,2026-08-03 18:32:00
E-0050,PUMP-E-01,Utilities,D,F522,Material-present sensor blocked,Low,2026-08-03 18:55:00,2026-08-03 19:04:00,2026-08-03 19:12:00
E-0122,CONVEYOR-B-01,Material Handling,C,F415,Communication interruption,High,2026-08-03 19:47:00,2026-08-03 20:04:00,2026-08-03 20:08:00
E-0291,PUMP-E-01,Utilities,B,F310,Cycle-time timeout,Medium,2026-08-03 21:07:00,2026-08-03 21:10:00,2026-08-03 21:16:00
E-0315,PRESS-F-01,Forming,A,F630,Drive overload,Medium,2026-08-03 21:44:00,2026-08-03 21:53:00,2026-08-03 22:01:00
E-0317,CONVEYOR-B-01,Material Handling,B,F204,Part not detected,Medium,2026-08-03 23:57:00,2026-08-04 00:09:00,2026-08-04 00:19:00
E-0284,PACK-D-01,Packaging,A,F630,Drive overload,Low,2026-08-04 00:01:00,2026-08-04 00:18:00,2026-08-04 00:23:00
E-0324,CONVEYOR-B-01,Material Handling,D,F204,Part not detected,Medium,2026-08-04 01:35:00,2026-08-04 01:44:00,2026-08-04 01:47:00
E-0376,CELL-A-01,Assembly,A,F101,Guard circuit open,High,2026-08-04 02:13:00,2026-08-04 02:16:00,2026-08-04 02:26:00
E-0145,CELL-A-02,Assembly,D,F310,Cycle-time timeout,Medium,2026-08-04 03:20:00,2026-08-04 03:36:00,2026-08-04 03:48:00
E-0218,PUMP-E-01,Utilities,B,F204,Part not detected,Medium,2026-08-04 04:07:00,2026-08-04 04:11:00,2026-08-04 04:19:00
E-0045,PRESS-F-01,Forming,D,F415,Communication interruption,Medium,2026-08-04 05:45:00,2026-08-04 05:49:00,2026-08-04 06:00:00
E-0509,ROBOT-G-01,Automation,D,F310,Cycle-time timeout,Low,2026-08-04 05:50:00,2026-08-04 05:54:00,2026-08-04 06:01:00
E-0126,PACK-D-01,Packaging,C,F101,Guard circuit open,Medium,2026-08-04 06:50:00,2026-08-04 06:56:00,2026-08-04 06:59:00
E-0603,CONVEYOR-B-01,Material Handling,A,F204,Part not detected,Medium,2026-08-04 07:17:00,2026-08-04 07:25:00,2026-08-04 07:36:00
E-0181,PUMP-E-01,Utilities,C,F310,Cycle-time timeout,Medium,2026-08-04 08:39:00,2026-08-04 08:49:00,2026-08-04 08:51:00
E-0248,VISION-C-01,Inspection,A,F415,Communication interruption,Medium,2026-08-04 09:40:00,2026-08-04 09:44:00,2026-08-04 09:52:00
E-0158,CONVEYOR-B-01,Material Handling,D,F204,Part not detected,High,2026-08-04 10:43:00,2026-08-04 10:51:00,2026-08-04 10:58:00
E-0193,PACK-D-01,Packaging,B,F101,Guard circuit open,Medium,2026-08-04 10:43:00,2026-08-04 10:46:00,2026-08-04 10:58:00
E-0385,CELL-A-01,Assembly,B,F101,Guard circuit open,High,2026-08-04 10:54:00,2026-08-04 11:04:00,2026-08-04 11:13:00
E-0646,VISION-C-01,Inspection,A,F415,Communication interruption,Medium,2026-08-04 11:01:00,2026-08-04 11:13:00,2026-08-04 11:16:00
E-0217,ROBOT-G-01,Automation,A,F310,Cycle-time timeout,Medium,2026-08-04 15:45:00,2026-08-04 16:02:00,2026-08-04 16:09:00
E-0389,CELL-A-01,Assembly,B,F101,Guard circuit open,Medium,2026-08-04 16:47:00,2026-08-04 16:59:00,2026-08-04 17:02:00
E-0334,CELL-A-01,Assembly,D,F101,Guard circuit open,High,2026-08-04 16:49:00,2026-08-04 17:03:00,2026-08-04 17:07:00
E-0206,VISION-C-01,Inspection,C,F415,Communication interruption,High,2026-08-04 17:41:00,2026-08-04 17:51:00,2026-08-04 17:58:00
E-0563,CELL-A-02,Assembly,B,F310,Cycle-time timeout,Medium,2026-08-04 18:59:00,2026-08-04 19:08:00,2026-08-04 19:14:00
E-0211,VISION-C-01,Inspection,A,F415,Communication interruption,Low,2026-08-04 19:48:00,2026-08-04 19:57:00,2026-08-04 20:07:00
E-0633,CELL-A-01,Assembly,C,F101,Guard circuit open,Low,2026-08-04 20:25:00,2026-08-04 20:39:00,2026-08-04 20:47:00
E-0343,CELL-A-01,Assembly,A,F101,Guard circuit open,Low,2026-08-04 21:26:00,2026-08-04 21:33:00,2026-08-04 21:42:00
E-0241,VISION-C-01,Inspection,C,F415,Communication interruption,High,2026-08-04 21:51:00,2026-08-04 21:57:00,2026-08-04 22:00:00
E-0251,VISION-C-01,Inspection,D,F415,Communication interruption,High,2026-08-04 23:06:00,2026-08-04 23:10:00,2026-08-04 23:21:00
E-0359,CELL-A-02,Assembly,C,F630,Drive overload,Medium,2026-08-04 23:34:00,2026-08-04 23:41:00,2026-08-04 23:46:00
E-0610,CONVEYOR-B-01,Material Handling,A,F204,Part not detected,Medium,2026-08-04 23:49:00,2026-08-05 00:07:00,2026-08-05 00:12:00
E-0086,VISION-C-01,Inspection,D,F415,Communication interruption,Low,2026-08-05 00:32:00,2026-08-05 00:50:00,2026-08-05 00:51:00
E-0488,CELL-A-02,Assembly,D,F310,Cycle-time timeout,Low,2026-08-05 05:02:00,2026-08-05 05:03:00,2026-08-05 05:06:00
E-0155,CONVEYOR-B-01,Material Handling,D,F204,Part not detected,Low,2026-08-05 05:10:00,2026-08-05 05:24:00,2026-08-05 05:25:00
E-0611,CELL-A-01,Assembly,B,F101,Guard circuit open,High,2026-08-05 05:34:00,2026-08-05 05:42:00,2026-08-05 05:54:00
E-0303,CELL-A-01,Assembly,D,F101,Guard circuit open,High,2026-08-05 05:51:00,2026-08-05 06:01:00,2026-08-05 06:09:00
E-0524,CELL-A-01,Assembly,D,F630,Drive overload,Low,2026-08-05 06:00:00,2026-08-05 06:16:00,2026-08-05 06:26:00
E-0639,VISION-C-01,Inspection,D,F415,Communication interruption,Medium,2026-08-05 06:27:00,2026-08-05 06:32:00,2026-08-05 06:34:00
E-0273,CELL-A-01,Assembly,B,F101,Guard circuit open,Medium,2026-08-05 09:25:00,2026-08-05 09:35:00,2026-08-05 09:37:00
E-0492,PACK-D-01,Packaging,B,F101,Guard circuit open,Medium,2026-08-05 10:46:00,2026-08-05 10:52:00,2026-08-05 11:02:00
E-0097,CELL-A-01,Assembly,B,F101,Guard circuit open,Medium,2026-08-05 11:01:00,2026-08-05 11:19:00,2026-08-05 11:27:00
E-0599,CELL-A-02,Assembly,A,F310,Cycle-time timeout,Low,2026-08-05 15:11:00,2026-08-05 15:22:00,2026-08-05 15:33:00
E-0328,VISION-C-01,Inspection,C,F415,Communication interruption,High,2026-08-05 16:08:00,2026-08-05 16:25:00,2026-08-05 16:28:00
E-0007,ROBOT-G-01,Automation,B,F522,Material-present sensor blocked,Medium,2026-08-05 18:02:00,2026-08-05 18:20:00,2026-08-05 18:25:00
E-0067,CONVEYOR-B-01,Material Handling,B,F204,Part not detected,Medium,2026-08-05 18:12:00,2026-08-05 18:26:00,2026-08-05 18:30:00
E-0006,PRESS-F-01,Forming,A,F204,Part not detected,Low,2026-08-05 20:00:00,2026-08-05 20:09:00,2026-08-05 20:15:00
E-0441,CONVEYOR-B-01,Material Handling,A,F204,Part not detected,Low,2026-08-05 21:52:00,2026-08-05 21:54:00,2026-08-05 22:05:00
E-0179,VISION-C-01,Inspection,A,F101,Guard circuit open,Low,2026-08-05 23:04:00,2026-08-05 23:22:00,2026-08-05 23:26:00
E-0240,VISION-C-01,Inspection,C,F522,Material-present sensor blocked,High,2026-08-06 03:36:00,2026-08-06 03:42:00,2026-08-06 03:52:00
E-0550,PACK-D-01,Packaging,D,F101,Guard circuit open,Medium,2026-08-06 05:08:00,2026-08-06 05:14:00,2026-08-06 05:25:00
E-0450,PACK-D-01,Packaging,C,F630,Drive overload,Medium,2026-08-06 05:09:00,2026-08-06 05:26:00,2026-08-06 05:27:00
E-0015,CONVEYOR-B-01,Material Handling,A,F204,Part not detected,Medium,2026-08-06 07:49:00,2026-08-06 07:57:00,2026-08-06 08:09:00
E-0146,VISION-C-01,Inspection,A,F415,Communication interruption,Low,2026-08-06 08:23:00,2026-08-06 08:40:00,2026-08-06 08:45:00
E-0375,CONVEYOR-B-01,Material Handling,A,F204,Part not detected,Medium,2026-08-06 08:51:00,2026-08-06 08:55:00,2026-08-06 09:01:00
E-0289,CELL-A-02,Assembly,C,F310,Cycle-time timeout,Medium,2026-08-06 10:14:00,2026-08-06 10:18:00,2026-08-06 10:20:00
E-0442,PACK-D-01,Packaging,C,F310,Cycle-time timeout,Low,2026-08-06 11:18:00,2026-08-06 11:32:00,2026-08-06 11:33:00
E-0617,CONVEYOR-B-01,Material Handling,C,F204,Part not detected,Low,2026-08-06 11:29:00,2026-08-06 11:42:00,2026-08-06 11:49:00
E-0339,VISION-C-01,Inspection,B,F415,Communication interruption,Medium,2026-08-06 11:37:00,2026-08-06 11:55:00,2026-08-06 12:02:00
E-0393,CELL-A-01,Assembly,D,F415,Communication interruption,High,2026-08-06 12:34:00,2026-08-06 12:46:00,2026-08-06 12:55:00
E-0358,CONVEYOR-B-01,Material Handling,D,F204,Part not detected,Medium,2026-08-06 15:24:00,2026-08-06 15:39:00,2026-08-06 15:45:00
E-0232,CELL-A-01,Assembly,A,F101,Guard circuit open,Low,2026-08-06 16:00:00,2026-08-06 16:09:00,2026-08-06 16:19:00
E-0504,VISION-C-01,Inspection,A,F415,Communication interruption,Medium,2026-08-06 16:27:00,2026-08-06 16:41:00,2026-08-06 16:43:00
E-0018,CONVEYOR-B-01,Material Handling,A,F204,Part not detected,Medium,2026-08-06 17:19:00,2026-08-06 17:20:00,2026-08-06 17:22:00
E-0572,ROBOT-G-01,Automation,D,F204,Part not detected,Low,2026-08-06 18:21:00,2026-08-06 18:31:00,2026-08-06 18:38:00
E-0187,CELL-A-02,Assembly,C,F310,Cycle-time timeout,Low,2026-08-06 18:47:00,2026-08-06 18:50:00,2026-08-06 18:54:00
E-0382,CELL-A-02,Assembly,C,F310,Cycle-time timeout,Low,2026-08-06 19:56:00,2026-08-06 20:04:00,2026-08-06 20:14:00
E-0606,CELL-A-01,Assembly,A,F101,Guard circuit open,Low,2026-08-06 20:05:00,2026-08-06 20:15:00,2026-08-06 20:22:00
E-0614,CELL-A-01,Assembly,A,F310,Cycle-time timeout,High,2026-08-06 20:14:00,2026-08-06 20:17:00,2026-08-06 20:27:00
E-0027,VISION-C-01,Inspection,C,F204,Part not detected,Medium,2026-08-06 20:30:00,2026-08-06 20:42:00,2026-08-06 20:44:00
E-0426,CELL-A-01,Assembly,A,F101,Guard circuit open,Low,2026-08-06 21:21:00,2026-08-06 21:33:00,2026-08-06 21:43:00
E-0449,CELL-A-02,Assembly,A,F310,Cycle-time timeout,Low,2026-08-06 22:36:00,2026-08-06 22:38:00,2026-08-06 22:46:00
E-0132,CELL-A-02,Assembly,B,F310,Cycle-time timeout,Medium,2026-08-06 23:49:00,2026-08-07 00:07:00,2026-08-07 00:10:00
E-0159,CELL-A-01,Assembly,D,F101,Guard circuit open,Medium,2026-08-07 01:49:00,2026-08-07 02:00:00,2026-08-07 02:03:00
E-0472,VISION-C-01,Inspection,D,F415,Communication interruption,Low,2026-08-07 03:30:00,2026-08-07 03:47:00,2026-08-07 03:52:00
E-0239,CELL-A-01,Assembly,A,F204,Part not detected,Low,2026-08-07 04:49:00,2026-08-07 04:55:00,2026-08-07 05:01:00
E-0650,PUMP-E-01,Utilities,B,F415,Communication interruption,Medium,2026-08-07 06:17:00,2026-08-07 06:34:00,2026-08-07 06:37:00
E-0039,ROBOT-G-01,Automation,B,F310,Cycle-time timeout,Medium,2026-08-07 06:32:00,2026-08-07 06:33:00,2026-08-07 06:43:00
E-0468,CELL-A-01,Assembly,C,F310,Cycle-time timeout,Medium,2026-08-07 07:25:00,2026-08-07 07:31:00,2026-08-07 07:36:00
E-0586,CELL-A-02,Assembly,C,F310,Cycle-time timeout,Medium,2026-08-07 07:44:00,2026-08-07 07:48:00,2026-08-07 07:58:00
E-0323,CELL-A-01,Assembly,C,F101,Guard circuit open,Medium,2026-08-07 12:01:00,2026-08-07 12:08:00,2026-08-07 12:10:00
E-0224,PUMP-E-01,Utilities,B,F204,Part not detected,High,2026-08-07 12:27:00,2026-08-07 12:39:00,2026-08-07 12:40:00
E-0374,VISION-C-01,Inspection,C,F630,Drive overload,Medium,2026-08-07 12:35:00,2026-08-07 12:47:00,2026-08-07 12:53:00
E-0117,CELL-A-02,Assembly,D,F310,Cycle-time timeout,Low,2026-08-07 13:26:00,2026-08-07 13:30:00,2026-08-07 13:33:00
E-0220,PUMP-E-01,Utilities,B,F415,Communication interruption,Low,2026-08-07 14:23:00,2026-08-07 14:24:00,2026-08-07 14:35:00
E-0101,CELL-A-01,Assembly,D,F101,Guard circuit open,Medium,2026-08-07 14:37:00,2026-08-07 14:49:00,2026-08-07 14:55:00
E-0640,ROBOT-G-01,Automation,C,F101,Guard circuit open,Medium,2026-08-07 16:50:00,2026-08-07 16:54:00,2026-08-07 17:01:00
E-0028,CELL-A-01,Assembly,C,F101,Guard circuit open,Low,2026-08-07 18:01:00,2026-08-07 18:18:00,2026-08-07 18:30:00
E-0484,CONVEYOR-B-01,Material Handling,A,F204,Part not detected,Low,2026-08-07 18:38:00,2026-08-07 18:51:00,2026-08-07 18:52:00
E-0139,PRESS-F-01,Forming,B,F630,Drive overload,Low,2026-08-07 18:46:00,2026-08-07 18:59:00,2026-08-07 19:07:00
E-0508,PRESS-F-01,Forming,C,F522,Material-present sensor blocked,Medium,2026-08-07 19:52:00,2026-08-07 20:08:00,2026-08-07 20:12:00
E-0167,CELL-A-01,Assembly,B,F415,Communication interruption,Low,2026-08-07 20:34:00,2026-08-07 20:38:00,2026-08-07 20:45:00
E-0547,VISION-C-01,Inspection,B,F415,Communication interruption,Medium,2026-08-07 21:20:00,2026-08-07 21:34:00,2026-08-07 21:45:00
E-0487,CELL-A-02,Assembly,D,F310,Cycle-time timeout,High,2026-08-07 23:12:00,2026-08-07 23:23:00,2026-08-07 23:31:00
E-0118,CELL-A-01,Assembly,D,F101,Guard circuit open,Medium,2026-08-07 23:44:00,2026-08-07 23:48:00,2026-08-07 23:54:00
E-0272,VISION-C-01,Inspection,C,F310,Cycle-time timeout,Low,2026-08-08 00:20:00,2026-08-08 00:32:00,2026-08-08 00:37:00
E-0165,ROBOT-G-01,Automation,D,F630,Drive overload,Medium,2026-08-08 00:24:00,2026-08-08 00:29:00,2026-08-08 00:32:00
E-0230,VISION-C-01,Inspection,B,F415,Communication interruption,Medium,2026-08-08 01:42:00,2026-08-08 01:48:00,2026-08-08 01:52:00
E-0544,CELL-A-01,Assembly,A,F101,Guard circuit open,Low,2026-08-08 03:23:00,2026-08-08 03:39:00,2026-08-08 03:44:00
E-0421,CELL-A-01,Assembly,A,F101,Guard circuit open,Medium,2026-08-08 04:43:00,2026-08-08 04:53:00,2026-08-08 04:58:00
E-0497,CELL-A-01,Assembly,B,F101,Guard circuit open,Medium,2026-08-08 04:47:00,2026-08-08 05:02:00,2026-08-08 05:13:00
E-0061,CELL-A-01,Assembly,B,F101,Guard circuit open,Medium,2026-08-08 06:46:00,2026-08-08 06:47:00,2026-08-08 06:48:00
E-0164,CONVEYOR-B-01,Material Handling,C,F204,Part not detected,Low,2026-08-08 07:56:00,2026-08-08 08:12:00,2026-08-08 08:19:00
E-0109,CELL-A-01,Assembly,B,F101,Guard circuit open,Low,2026-08-08 07:58:00,2026-08-08 08:09:00,2026-08-08 08:14:00
E-0635,ROBOT-G-01,Automation,D,F415,Communication interruption,Low,2026-08-08 09:25:00,2026-08-08 09:41:00,2026-08-08 09:50:00
E-0628,PUMP-E-01,Utilities,C,F522,Material-present sensor blocked,Low,2026-08-08 09:42:00,2026-08-08 09:56:00,2026-08-08 09:58:00
E-0012,VISION-C-01,Inspection,B,F522,Material-present sensor blocked,Medium,2026-08-08 10:29:00,2026-08-08 10:44:00,2026-08-08 10:51:00
E-0349,CELL-A-02,Assembly,D,F310,Cycle-time timeout,Medium,2026-08-08 11:33:00,2026-08-08 11:36:00,2026-08-08 11:37:00
E-0400,CONVEYOR-B-01,Material Handling,A,F630,Drive overload,Medium,2026-08-08 11:59:00,2026-08-08 12:12:00,2026-08-08 12:13:00
E-0173,ROBOT-G-01,Automation,B,F204,Part not detected,Low,2026-08-08 13:19:00,2026-08-08 13:32:00,2026-08-08 13:33:00
E-0565,PACK-D-01,Packaging,C,F630,Drive overload,Low,2026-08-08 13:24:00,2026-08-08 13:27:00,2026-08-08 13:29:00
E-0551,PRESS-F-01,Forming,B,F101,Guard circuit open,High,2026-08-08 14:47:00,2026-08-08 14:50:00,2026-08-08 14:56:00
E-0256,VISION-C-01,Inspection,A,F415,Communication interruption,Medium,2026-08-08 15:06:00,2026-08-08 15:09:00,2026-08-08 15:16:00
E-0079,CONVEYOR-B-01,Material Handling,C,F415,Communication interruption,Low,2026-08-08 15:13:00,2026-08-08 15:28:00,2026-08-08 15:33:00
E-0119,CONVEYOR-B-01,Material Handling,D,F204,Part not detected,Medium,2026-08-08 16:25:00,2026-08-08 16:30:00,2026-08-08 16:41:00
E-0242,CELL-A-02,Assembly,D,F630,Drive overload,Low,2026-08-08 17:28:00,2026-08-08 17:31:00,2026-08-08 17:38:00
E-0022,ROBOT-G-01,Automation,B,F310,Cycle-time timeout,Medium,2026-08-08 18:35:00,2026-08-08 18:49:00,2026-08-08 19:01:00
E-0456,CELL-A-02,Assembly,D,F310,Cycle-time timeout,High,2026-08-08 19:03:00,2026-08-08 19:21:00,2026-08-08 19:26:00
E-0198,CELL-A-02,Assembly,C,F310,Cycle-time timeout,Medium,2026-08-08 19:32:00,2026-08-08 19:36:00,2026-08-08 19:47:00
E-0154,CELL-A-01,Assembly,B,F101,Guard circuit open,Low,2026-08-08 20:02:00,2026-08-08 20:12:00,2026-08-08 20:22:00
E-0539,CELL-A-01,Assembly,D,F101,Guard circuit open,Medium,2026-08-08 21:05:00,2026-08-08 21:10:00,2026-08-08 21:16:00
E-0474,CONVEYOR-B-01,Material Handling,B,F204,Part not detected,Low,2026-08-08 21:27:00,2026-08-08 21:33:00,2026-08-08 21:41:00
E-0255,CELL-A-02,Assembly,D,F310,Cycle-time timeout,Medium,2026-08-08 23:50:00,2026-08-09 00:04:00,2026-08-09 00:06:00
E-0219,CELL-A-02,Assembly,A,F310,Cycle-time timeout,Medium,2026-08-08 23:52:00,2026-08-08 23:55:00,2026-08-09 00:05:00
E-0099,PACK-D-01,Packaging,D,F522,Material-present sensor blocked,Low,2026-08-09 00:37:00,2026-08-09 00:49:00,2026-08-09 00:55:00
E-0175,PACK-D-01,Packaging,A,F630,Drive overload,Medium,2026-08-09 03:22:00,2026-08-09 03:34:00,2026-08-09 03:42:00
E-0340,CONVEYOR-B-01,Material Handling,C,F204,Part not detected,Medium,2026-08-09 03:49:00,2026-08-09 04:03:00,2026-08-09 04:13:00
E-0605,CELL-A-02,Assembly,D,F310,Cycle-time timeout,Low,2026-08-09 06:20:00,2026-08-09 06:37:00,2026-08-09 06:39:00
E-0357,VISION-C-01,Inspection,B,F522,Material-present sensor blocked,Medium,2026-08-09 08:22:00,2026-08-09 08:36:00,2026-08-09 08:45:00
E-0105,CONVEYOR-B-01,Material Handling,C,F204,Part not detected,Medium,2026-08-09 08:41:00,2026-08-09 08:56:00,2026-08-09 09:01:00
E-0367,CELL-A-02,Assembly,B,F522,Material-present sensor blocked,High,2026-08-09 09:06:00,2026-08-09 09:21:00,2026-08-09 09:24:00
E-0619,VISION-C-01,Inspection,A,F415,Communication interruption,Low,2026-08-09 09:53:00,2026-08-09 10:05:00,2026-08-09 10:06:00
E-0180,ROBOT-G-01,Automation,B,F630,Drive overload,Medium,2026-08-09 10:30:00,2026-08-09 10:34:00,2026-08-09 10:39:00
E-0163,CELL-A-01,Assembly,A,F310,Cycle-time timeout,High,2026-08-09 12:02:00,2026-08-09 12:04:00,2026-08-09 12:11:00
E-0148,VISION-C-01,Inspection,A,F415,Communication interruption,High,2026-08-09 12:13:00,2026-08-09 12:19:00,2026-08-09 12:23:00
E-0111,VISION-C-01,Inspection,A,F415,Communication interruption,Medium,2026-08-09 13:37:00,2026-08-09 13:48:00,2026-08-09 13:57:00
E-0054,CELL-A-02,Assembly,D,F310,Cycle-time timeout,Low,2026-08-09 15:37:00,2026-08-09 15:55:00,2026-08-09 16:04:00
E-0362,CELL-A-02,Assembly,C,F310,Cycle-time timeout,High,2026-08-09 16:31:00,2026-08-09 16:42:00,2026-08-09 16:46:00
E-0530,CONVEYOR-B-01,Material Handling,B,F204,Part not detected,Low,2026-08-09 18:26:00,2026-08-09 18:32:00,2026-08-09 18:43:00
E-0352,ROBOT-G-01,Automation,D,F101,Guard circuit open,Low,2026-08-09 22:06:00,2026-08-09 22:16:00,2026-08-09 22:17:00
E-0438,ROBOT-G-01,Automation,B,F630,Drive overload,Low,2026-08-09 22:44:00,2026-08-09 22:48:00,2026-08-09 22:57:00
E-0604,CONVEYOR-B-01,Material Handling,C,F630,Drive overload,Medium,2026-08-10 00:24:00,2026-08-10 00:25:00,2026-08-10 00:35:00
E-0649,CELL-A-01,Assembly,A,F101,Guard circuit open,Medium,2026-08-10 02:12:00,2026-08-10 02:17:00,2026-08-10 02:19:00
E-0363,CELL-A-02,Assembly,B,F310,Cycle-time timeout,Medium,2026-08-10 03:30:00,2026-08-10 03:47:00,2026-08-10 03:56:00
E-0584,CELL-A-02,Assembly,B,F101,Guard circuit open,Medium,2026-08-10 04:04:00,2026-08-10 04:18:00,2026-08-10 04:26:00
E-0531,CELL-A-02,Assembly,B,F630,Drive overload,Medium,2026-08-10 07:07:00,2026-08-10 07:14:00,2026-08-10 07:16:00
E-0260,PACK-D-01,Packaging,B,F101,Guard circuit open,Medium,2026-08-10 07:52:00,2026-08-10 08:09:00,2026-08-10 08:11:00
E-0341,PRESS-F-01,Forming,C,F630,Drive overload,High,2026-08-10 08:36:00,2026-08-10 08:49:00,2026-08-10 08:50:00
E-0491,CELL-A-01,Assembly,A,F204,Part not detected,Medium,2026-08-10 11:33:00,2026-08-10 11:36:00,2026-08-10 11:39:00
E-0342,CONVEYOR-B-01,Material Handling,C,F204,Part not detected,High,2026-08-10 11:39:00,2026-08-10 11:43:00,2026-08-10 11:54:00
E-0404,VISION-C-01,Inspection,A,F415,Communication interruption,Medium,2026-08-10 16:00:00,2026-08-10 16:15:00,2026-08-10 16:23:00
E-0036,ROBOT-G-01,Automation,B,F204,Part not detected,Medium,2026-08-10 16:02:00,2026-08-10 16:20:00,2026-08-10 16:28:00
E-0024,CONVEYOR-B-01,Material Handling,D,F204,Part not detected,Low,2026-08-10 16:18:00,2026-08-10 16:31:00,2026-08-10 16:35:00
E-0189,CELL-A-02,Assembly,B,F310,Cycle-time timeout,Medium,2026-08-10 16:30:00,2026-08-10 16:48:00,2026-08-10 16:51:00
E-0347,CELL-A-01,Assembly,B,F101,Guard circuit open,Low,2026-08-10 17:36:00,2026-08-10 17:40:00,2026-08-10 17:43:00
E-0439,CONVEYOR-B-01,Material Handling,B,F204,Part not detected,Medium,2026-08-10 17:53:00,2026-08-10 18:06:00,2026-08-10 18:15:00
E-0418,PUMP-E-01,Utilities,A,F310,Cycle-time timeout,Medium,2026-08-10 18:09:00,2026-08-10 18:25:00,2026-08-10 18:35:00
E-0089,CELL-A-02,Assembly,B,F522,Material-present sensor blocked,Low,2026-08-10 19:18:00,2026-08-10 19:19:00,2026-08-10 19:30:00
E-0188,PUMP-E-01,Utilities,D,F204,Part not detected,High,2026-08-10 19:18:00,2026-08-10 19:20:00,2026-08-10 19:26:00
E-0511,CELL-A-01,Assembly,D,F101,Guard circuit open,High,2026-08-10 19:28:00,2026-08-10 19:42:00,2026-08-10 19:52:00
E-0644,VISION-C-01,Inspection,A,F415,Communication interruption,Low,2026-08-10 19:36:00,2026-08-10 19:39:00,2026-08-10 19:50:00
E-0483,VISION-C-01,Inspection,C,F415,Communication interruption,Medium,2026-08-10 22:16:00,2026-08-10 22:34:00,2026-08-10 22:36:00
E-0269,CELL-A-01,Assembly,D,F101,Guard circuit open,Medium,2026-08-10 22:54:00,2026-08-10 23:12:00,2026-08-10 23:14:00
E-0448,CELL-A-02,Assembly,B,F310,Cycle-time timeout,Low,2026-08-10 23:05:00,2026-08-10 23:22:00,2026-08-10 23:27:00
E-0337,VISION-C-01,Inspection,A,F522,Material-present sensor blocked,Low,2026-08-10 23:50:00,2026-08-11 00:04:00,2026-08-11 00:07:00
E-0506,CELL-A-02,Assembly,B,F310,Cycle-time timeout,Medium,2026-08-11 01:34:00,2026-08-11 01:44:00,2026-08-11 01:46:00
E-0008,VISION-C-01,Inspection,C,F415,Communication interruption,Low,2026-08-11 01:35:00,2026-08-11 01:44:00,2026-08-11 01:46:00
E-0398,CELL-A-02,Assembly,D,F310,Cycle-time timeout,Low,2026-08-11 02:08:00,2026-08-11 02:18:00,2026-08-11 02:29:00
E-0140,VISION-C-01,Inspection,C,F630,Drive overload,Medium,2026-08-11 02:56:00,2026-08-11 03:09:00,2026-08-11 03:11:00
E-0199,CELL-A-01,Assembly,C,F101,Guard circuit open,High,2026-08-11 04:38:00,2026-08-11 04:43:00,2026-08-11 04:54:00
E-0327,CELL-A-01,Assembly,A,F101,Guard circuit open,Medium,2026-08-11 05:51:00,2026-08-11 05:56:00,2026-08-11 06:01:00
E-0203,CELL-A-02,Assembly,B,F310,Cycle-time timeout,High,2026-08-11 06:36:00,2026-08-11 06:54:00,2026-08-11 06:56:00
E-0060,CELL-A-02,Assembly,A,F310,Cycle-time timeout,Medium,2026-08-11 07:20:00,2026-08-11 07:37:00,2026-08-11 07:40:00
E-0409,CELL-A-02,Assembly,A,F310,Cycle-time timeout,Medium,2026-08-11 09:40:00,2026-08-11 09:41:00,2026-08-11 09:52:00
E-0410,CELL-A-01,Assembly,C,F101,Guard circuit open,Low,2026-08-11 10:48:00,2026-08-11 10:51:00,2026-08-11 11:01:00
E-0258,CELL-A-02,Assembly,A,F522,Material-present sensor blocked,Medium,2026-08-11 14:12:00,2026-08-11 14:28:00,2026-08-11 14:39:00
E-0461,PRESS-F-01,Forming,B,F415,Communication interruption,Low,2026-08-11 15:37:00,2026-08-11 15:42:00,2026-08-11 15:52:00
E-0620,ROBOT-G-01,Automation,C,F630,Drive overload,Low,2026-08-11 16:35:00,2026-08-11 16:47:00,2026-08-11 16:51:00
E-0020,CELL-A-01,Assembly,B,F101,Guard circuit open,Medium,2026-08-11 18:20:00,2026-08-11 18:27:00,2026-08-11 18:30:00
E-0445,CONVEYOR-B-01,Material Handling,D,F204,Part not detected,Low,2026-08-11 20:45:00,2026-08-11 20:48:00,2026-08-11 20:55:00
E-0019,CONVEYOR-B-01,Material Handling,D,F204,Part not detected,Medium,2026-08-11 21:54:00,2026-08-11 22:11:00,2026-08-11 22:18:00
E-0515,VISION-C-01,Inspection,C,F310,Cycle-time timeout,Medium,2026-08-11 22:32:00,2026-08-11 22:33:00,2026-08-11 22:36:00
E-0205,CELL-A-02,Assembly,B,F310,Cycle-time timeout,Medium,2026-08-12 00:55:00,2026-08-12 01:12:00,2026-08-12 01:13:00
E-0090,CONVEYOR-B-01,Material Handling,C,F204,Part not detected,High,2026-08-12 01:27:00,2026-08-12 01:28:00,2026-08-12 01:38:00
E-0102,CONVEYOR-B-01,Material Handling,A,F204,Part not detected,Medium,2026-08-12 03:32:00,2026-08-12 03:40:00,2026-08-12 03:51:00
E-0212,VISION-C-01,Inspection,B,F310,Cycle-time timeout,Medium,2026-08-12 03:43:00,2026-08-12 04:00:00,2026-08-12 04:08:00
E-0029,CONVEYOR-B-01,Material Handling,B,F101,Guard circuit open,Medium,2026-08-12 04:56:00,2026-08-12 05:14:00,2026-08-12 05:20:00
E-0444,CELL-A-02,Assembly,C,F415,Communication interruption,High,2026-08-12 05:16:00,2026-08-12 05:29:00,2026-08-12 05:34:00
E-0432,CELL-A-01,Assembly,A,F415,Communication interruption,Low,2026-08-12 08:21:00,2026-08-12 08:36:00,2026-08-12 08:41:00
E-0056,VISION-C-01,Inspection,C,F415,Communication interruption,Low,2026-08-12 10:25:00,2026-08-12 10:42:00,2026-08-12 10:54:00
E-0035,VISION-C-01,Inspection,B,F415,Communication interruption,High,2026-08-12 12:18:00,2026-08-12 12:28:00,2026-08-12 12:35:00
E-0338,PRESS-F-01,Forming,D,F522,Material-present sensor blocked,Low,2026-08-12 13:10:00,2026-08-12 13:16:00,2026-08-12 13:25:00
E-0645,PRESS-F-01,Forming,D,F310,Cycle-time timeout,Medium,2026-08-12 14:07:00,2026-08-12 14:12:00,2026-08-12 14:14:00
E-0222,VISION-C-01,Inspection,B,F415,Communication interruption,High,2026-08-12 14:11:00,2026-08-12 14:17:00,2026-08-12 14:21:00
E-0345,PUMP-E-01,Utilities,B,F522,Material-present sensor blocked,Medium,2026-08-12 17:20:00,2026-08-12 17:38:00,2026-08-12 17:40:00
E-0437,CONVEYOR-B-01,Material Handling,D,F204,Part not detected,Medium,2026-08-12 21:12:00,2026-08-12 21:18:00,2026-08-12 21:23:00
E-0190,CONVEYOR-B-01,Material Handling,B,F204,Part not detected,High,2026-08-12 21:52:00,2026-08-12 21:53:00,2026-08-12 21:54:00
E-0172,CELL-A-01,Assembly,A,F310,Cycle-time timeout,Medium,2026-08-12 22:38:00,2026-08-12 22:49:00,2026-08-12 23:00:00
E-0170,CONVEYOR-B-01,Material Handling,C,F204,Part not detected,Low,2026-08-12 23:16:00,2026-08-12 23:30:00,2026-08-12 23:32:00
E-0041,CELL-A-01,Assembly,D,F101,Guard circuit open,Low,2026-08-13 01:37:00,2026-08-13 01:39:00,2026-08-13 01:49:00
E-0452,VISION-C-01,Inspection,D,F415,Communication interruption,Low,2026-08-13 02:17:00,2026-08-13 02:31:00,2026-08-13 02:40:00
E-0465,VISION-C-01,Inspection,C,F415,Communication interruption,Medium,2026-08-13 03:10:00,2026-08-13 03:21:00,2026-08-13 03:26:00
E-0372,CELL-A-01,Assembly,A,F101,Guard circuit open,Low,2026-08-13 03:32:00,2026-08-13 03:39:00,2026-08-13 03:40:00
E-0464,PACK-D-01,Packaging,B,F310,Cycle-time timeout,Low,2026-08-13 04:34:00,2026-08-13 04:42:00,2026-08-13 04:54:00
E-0233,PRESS-F-01,Forming,B,F415,Communication interruption,Low,2026-08-13 06:42:00,2026-08-13 06:45:00,2026-08-13 06:50:00
E-0264,CELL-A-01,Assembly,B,F101,Guard circuit open,High,2026-08-13 06:58:00,2026-08-13 07:07:00,2026-08-13 07:15:00
E-0462,PACK-D-01,Packaging,B,F630,Drive overload,Low,2026-08-13 07:04:00,2026-08-13 07:11:00,2026-08-13 07:18:00
E-0013,CELL-A-01,Assembly,C,F101,Guard circuit open,Medium,2026-08-13 07:33:00,2026-08-13 07:41:00,2026-08-13 07:50:00
E-0053,CELL-A-02,Assembly,D,F310,Cycle-time timeout,Medium,2026-08-13 08:07:00,2026-08-13 08:19:00,2026-08-13 08:31:00
E-0033,ROBOT-G-01,Automation,A,F204,Part not detected,Medium,2026-08-13 11:50:00,2026-08-13 12:02:00,2026-08-13 12:11:00
E-0560,ROBOT-G-01,Automation,B,F415,Communication interruption,Medium,2026-08-13 13:44:00,2026-08-13 13:58:00,2026-08-13 14:01:00
E-0466,CONVEYOR-B-01,Material Handling,D,F204,Part not detected,High,2026-08-13 15:01:00,2026-08-13 15:14:00,2026-08-13 15:26:00
E-0153,VISION-C-01,Inspection,A,F522,Material-present sensor blocked,Low,2026-08-13 15:51:00,2026-08-13 15:57:00,2026-08-13 15:58:00
E-0433,VISION-C-01,Inspection,B,F415,Communication interruption,Medium,2026-08-13 15:55:00,2026-08-13 16:11:00,2026-08-13 16:18:00
E-0489,CELL-A-02,Assembly,B,F310,Cycle-time timeout,High,2026-08-13 17:09:00,2026-08-13 17:23:00,2026-08-13 17:33:00
E-0624,ROBOT-G-01,Automation,A,F630,Drive overload,Medium,2026-08-13 17:28:00,2026-08-13 17:42:00,2026-08-13 17:50:00
E-0320,VISION-C-01,Inspection,A,F415,Communication interruption,Low,2026-08-13 18:12:00,2026-08-13 18:30:00,2026-08-13 18:40:00
E-0480,CELL-A-01,Assembly,A,F101,Guard circuit open,High,2026-08-13 18:42:00,2026-08-13 18:53:00,2026-08-13 19:02:00
E-0084,CONVEYOR-B-01,Material Handling,D,F204,Part not detected,Low,2026-08-13 21:07:00,2026-08-13 21:16:00,2026-08-13 21:25:00
E-0387,CELL-A-01,Assembly,C,F101,Guard circuit open,Medium,2026-08-13 21:28:00,2026-08-13 21:39:00,2026-08-13 21:40:00
E-0419,CELL-A-01,Assembly,D,F204,Part not detected,Low,2026-08-13 21:35:00,2026-08-13 21:48:00,2026-08-13 21:56:00
E-0482,CONVEYOR-B-01,Material Handling,C,F204,Part not detected,Low,2026-08-13 22:38:00,2026-08-13 22:47:00,2026-08-13 22:58:00
E-0004,VISION-C-01,Inspection,A,F415,Communication interruption,High,2026-08-13 23:40:00,2026-08-13 23:50:00,2026-08-14 00:01:00
E-0021,VISION-C-01,Inspection,B,F415,Communication interruption,High,2026-08-14 02:54:00,2026-08-14 03:01:00,2026-08-14 03:03:00
E-0080,CELL-A-02,Assembly,B,F310,Cycle-time timeout,Medium,2026-08-14 03:54:00,2026-08-14 04:11:00,2026-08-14 04:18:00
E-0249,VISION-C-01,Inspection,A,F415,Communication interruption,High,2026-08-14 04:06:00,2026-08-14 04:13:00,2026-08-14 04:16:00
E-0072,PACK-D-01,Packaging,C,F415,Communication interruption,High,2026-08-14 05:10:00,2026-08-14 05:20:00,2026-08-14 05:32:00
E-0116,CELL-A-02,Assembly,A,F310,Cycle-time timeout,Medium,2026-08-14 08:22:00,2026-08-14 08:38:00,2026-08-14 08:48:00
E-0166,ROBOT-G-01,Automation,D,F630,Drive overload,Low,2026-08-14 08:48:00,2026-08-14 08:55:00,2026-08-14 09:04:00
E-0261,CELL-A-01,Assembly,D,F101,Guard circuit open,Low,2026-08-14 10:00:00,2026-08-14 10:03:00,2026-08-14 10:11:00
E-0301,CONVEYOR-B-01,Material Handling,C,F204,Part not detected,High,2026-08-14 10:15:00,2026-08-14 10:26:00,2026-08-14 10:36:00
E-0381,PUMP-E-01,Utilities,A,F415,Communication interruption,Low,2026-08-14 12:41:00,2026-08-14 12:55:00,2026-08-14 13:01:00
E-0571,PRESS-F-01,Forming,A,F630,Drive overload,Low,2026-08-14 13:01:00,2026-08-14 13:06:00,2026-08-14 13:10:00
E-0512,CELL-A-01,Assembly,D,F101,Guard circuit open,Medium,2026-08-14 16:36:00,2026-08-14 16:38:00,2026-08-14 16:47:00
E-0490,VISION-C-01,Inspection,C,F415,Communication interruption,Low,2026-08-14 17:47:00,2026-08-14 17:48:00,2026-08-14 17:53:00
E-0413,VISION-C-01,Inspection,C,F415,Communication interruption,Medium,2026-08-14 17:59:00,2026-08-14 18:15:00,2026-08-14 18:16:00
E-0257,CONVEYOR-B-01,Material Handling,A,F630,Drive overload,High,2026-08-14 18:26:00,2026-08-14 18:33:00,2026-08-14 18:34:00
E-0266,VISION-C-01,Inspection,D,F415,Communication interruption,Medium,2026-08-14 21:08:00,2026-08-14 21:14:00,2026-08-14 21:20:00
E-0369,CONVEYOR-B-01,Material Handling,A,F204,Part not detected,High,2026-08-14 21:59:00,2026-08-14 22:11:00,2026-08-14 22:15:00
E-0149,CELL-A-01,Assembly,D,F101,Guard circuit open,Medium,2026-08-14 22:21:00,2026-08-14 22:32:00,2026-08-14 22:36:00
E-0567,VISION-C-01,Inspection,D,F310,Cycle-time timeout,High,2026-08-14 22:26:00,2026-08-14 22:42:00,2026-08-14 22:45:00
E-0616,CELL-A-01,Assembly,B,F415,Communication interruption,Medium,2026-08-14 22:49:00,2026-08-14 22:53:00,2026-08-14 23:01:00
E-0259,VISION-C-01,Inspection,B,F310,Cycle-time timeout,Low,2026-08-14 23:11:00,2026-08-14 23:18:00,2026-08-14 23:21:00
E-0336,CONVEYOR-B-01,Material Handling,D,F204,Part not detected,High,2026-08-15 00:17:00,2026-08-15 00:29:00,2026-08-15 00:41:00
E-0496,VISION-C-01,Inspection,C,F415,Communication interruption,Medium,2026-08-15 01:29:00,2026-08-15 01:39:00,2026-08-15 01:50:00
E-0262,CELL-A-01,Assembly,B,F101,Guard circuit open,Medium,2026-08-15 02:13:00,2026-08-15 02:23:00,2026-08-15 02:28:00
E-0134,VISION-C-01,Inspection,A,F415,Communication interruption,Low,2026-08-15 02:22:00,2026-08-15 02:29:00,2026-08-15 02:41:00
E-0058,VISION-C-01,Inspection,C,F415,Communication interruption,Medium,2026-08-15 03:34:00,2026-08-15 03:42:00,2026-08-15 03:50:00
E-0522,CELL-A-02,Assembly,B,F310,Cycle-time timeout,Medium,2026-08-15 05:44:00,2026-08-15 05:59:00,2026-08-15 06:01:00
E-0254,CONVEYOR-B-01,Material Handling,B,F204,Part not detected,Low,2026-08-15 06:24:00,2026-08-15 06:41:00,2026-08-15 06:49:00
E-0304,CONVEYOR-B-01,Material Handling,D,F204,Part not detected,Low,2026-08-15 06:39:00,2026-08-15 06:46:00,2026-08-15 06:48:00
E-0516,PACK-D-01,Packaging,D,F101,Guard circuit open,Medium,2026-08-15 06:41:00,2026-08-15 06:50:00,2026-08-15 06:55:00
E-0293,PUMP-E-01,Utilities,D,F310,Cycle-time timeout,Low,2026-08-15 09:32:00,2026-08-15 09:38:00,2026-08-15 09:50:00
E-0246,VISION-C-01,Inspection,B,F522,Material-present sensor blocked,Medium,2026-08-15 10:43:00,2026-08-15 10:45:00,2026-08-15 10:51:00
E-0108,VISION-C-01,Inspection,A,F310,Cycle-time timeout,High,2026-08-15 12:01:00,2026-08-15 12:04:00,2026-08-15 12:05:00
E-0131,CELL-A-02,Assembly,D,F310,Cycle-time timeout,High,2026-08-15 12:32:00,2026-08-15 12:42:00,2026-08-15 12:52:00
E-0470,CONVEYOR-B-01,Material Handling,A,F204,Part not detected,Medium,2026-08-15 14:06:00,2026-08-15 14:09:00,2026-08-15 14:17:00
E-0383,VISION-C-01,Inspection,B,F415,Communication interruption,Medium,2026-08-15 15:16:00,2026-08-15 15:30:00,2026-08-15 15:42:00
E-0103,VISION-C-01,Inspection,B,F415,Communication interruption,Low,2026-08-15 16:03:00,2026-08-15 16:09:00,2026-08-15 16:15:00
E-0534,CONVEYOR-B-01,Material Handling,C,F204,Part not detected,Medium,2026-08-15 16:36:00,2026-08-15 16:54:00,2026-08-15 17:05:00
E-0302,VISION-C-01,Inspection,D,F101,Guard circuit open,High,2026-08-15 16:41:00,2026-08-15 16:47:00,2026-08-15 16:49:00
E-0527,CELL-A-02,Assembly,D,F204,Part not detected,High,2026-08-15 17:37:00,2026-08-15 17:49:00,2026-08-15 17:58:00
E-0388,VISION-C-01,Inspection,D,F522,Material-present sensor blocked,High,2026-08-15 18:52:00,2026-08-15 18:56:00,2026-08-15 19:03:00
E-0549,PUMP-E-01,Utilities,B,F310,Cycle-time timeout,Low,2026-08-15 19:16:00,2026-08-15 19:18:00,2026-08-15 19:20:00
E-0311,PACK-D-01,Packaging,B,F415,Communication interruption,High,2026-08-15 19:21:00,2026-08-15 19:31:00,2026-08-15 19:43:00
E-0168,VISION-C-01,Inspection,B,F415,Communication interruption,Low,2026-08-15 20:32:00,2026-08-15 20:46:00,2026-08-15 20:51:00
E-0582,VISION-C-01,Inspection,D,F415,Communication interruption,Medium,2026-08-15 22:42:00,2026-08-15 22:44:00,2026-08-15 22:52:00
E-0234,VISION-C-01,Inspection,C,F415,Communication interruption,High,2026-08-15 23:00:00,2026-08-15 23:08:00,2026-08-15 23:13:00
E-0245,CONVEYOR-B-01,Material Handling,D,F204,Part not detected,High,2026-08-15 23:02:00,2026-08-15 23:05:00,2026-08-15 23:06:00
E-0048,ROBOT-G-01,Automation,A,F310,Cycle-time timeout,Low,2026-08-16 00:07:00,2026-08-16 00:18:00,2026-08-16 00:25:00
E-0401,CELL-A-01,Assembly,A,F101,Guard circuit open,Medium,2026-08-16 02:00:00,2026-08-16 02:16:00,2026-08-16 02:18:00
E-0032,CELL-A-02,Assembly,A,F310,Cycle-time timeout,Low,2026-08-16 02:27:00,2026-08-16 02:34:00,2026-08-16 02:44:00
E-0481,VISION-C-01,Inspection,B,F310,Cycle-time timeout,Medium,2026-08-16 03:14:00,2026-08-16 03:18:00,2026-08-16 03:29:00
E-0434,CONVEYOR-B-01,Material Handling,A,F310,Cycle-time timeout,High,2026-08-16 04:36:00,2026-08-16 04:39:00,2026-08-16 04:42:00
E-0044,CELL-A-01,Assembly,A,F101,Guard circuit open,Medium,2026-08-16 05:05:00,2026-08-16 05:18:00,2026-08-16 05:30:00
E-0411,ROBOT-G-01,Automation,C,F415,Communication interruption,Low,2026-08-16 05:09:00,2026-08-16 05:15:00,2026-08-16 05:27:00
E-0110,CELL-A-02,Assembly,C,F630,Drive overload,Medium,2026-08-16 07:26:00,2026-08-16 07:34:00,2026-08-16 07:44:00
E-0446,PACK-D-01,Packaging,C,F310,Cycle-time timeout,Low,2026-08-16 07:50:00,2026-08-16 07:52:00,2026-08-16 08:04:00
E-0535,CELL-A-02,Assembly,B,F310,Cycle-time timeout,Medium,2026-08-16 09:05:00,2026-08-16 09:20:00,2026-08-16 09:27:00
E-0623,CONVEYOR-B-01,Material Handling,C,F204,Part not detected,Medium,2026-08-16 09:30:00,2026-08-16 09:36:00,2026-08-16 09:39:00
E-0162,CELL-A-01,Assembly,D,F101,Guard circuit open,Low,2026-08-16 11:20:00,2026-08-16 11:37:00,2026-08-16 11:40:00
E-0503,CONVEYOR-B-01,Material Handling,B,F204,Part not detected,High,2026-08-16 11:48:00,2026-08-16 11:51:00,2026-08-16 11:52:00
E-0294,VISION-C-01,Inspection,A,F415,Communication interruption,Medium,2026-08-16 14:36:00,2026-08-16 14:52:00,2026-08-16 15:04:00
E-0183,PACK-D-01,Packaging,C,F101,Guard circuit open,Low,2026-08-16 15:40:00,2026-08-16 15:44:00,2026-08-16 15:50:00
E-0575,CELL-A-02,Assembly,A,F630,Drive overload,Low,2026-08-16 16:04:00,2026-08-16 16:17:00,2026-08-16 16:21:00
